name,SDSS,ESSENCE,PanSTARRS,PanSTARRS2,SNLS,rochester,Nspec,OSC,manual,total
ESSENCEg097,0,1,0,0,0,0,1,1,0,1
ESSENCEg142,0,1,0,0,0,0,1,1,0,1
ESSENCEg230,0,1,0,0,0,0,1,1,0,1
ESSENCEm027,0,1,0,0,0,0,2,1,0,1
ESSENCEm043,0,1,0,0,0,0,1,1,0,1
ESSENCEm062,0.993,1,0,0,0,0,1,1,0,1.993
ESSENCEm075,0,1,0,0,0,0,2,1,0,1
ESSENCEn263,0,1,0,0,0,0,1,1,0,1
ESSENCEn278,0,1,0,0,0,0,1,1,0,1
ESSENCEn326,0,1,0,0,0,0,1,1,0,1
ESSENCEn400,0,1,0,0,0,0,1,1,0,1
ESSENCEp425,0,1,0,0,0,0,2,1,0,1
ESSENCEp434,0,1,0,0,0,0,1,-1,0,1
ESSENCEp527,0,0.5,0,0,0,0,2,1,0,0.5
ESSENCEq002,0,1,0,0,0,0,2,1,0,1
ESSENCEq006,0,0.5,0,0,0,0,0,1,0,0.5
ESSENCEq021,0,0.5,0,0,0,0,0,1,0,0.5
ESSENCEq022,1,0.5,0,0,0,0,0,1,0,1.5
ESSENCEr185,1,1,0,0,0,0,1,1,0,2
ESSENCEr317,0,1,0,0,0,0,2,1,0,1
HST04Sas,0,0,0,0,0,1,0,1,0,1
Hawk,0,0,0,0,0,1,0,1,0,1
Kurage,0,0,0,0,0,1,0,1,0,1
PS1-1000003,0,0,1,1,0,1,0,1,0,3
PS1-1000004,0,0,1,1,0,1,0,1,0,3
PS1-1000005,0,0,1,1,0,1,0,1,0,3
PS1-1000007,0,0,1,1,0,1,0,1,0,3
PS1-1000008,0,0,1,1,0,1,0,1,0,3
PS1-1000009,0,0,1,1,0,1,0,1,0,3
PS1-10acx,0,0,1,1,0,0,0,1,0,2
PS1-10bls,0,0,1,1,0,0,0,1,0,2
PS1-10byr,0,0,0,1,0,0,0,1,0,1
PS1-10f,0,0,1,1,0,1,0,1,0,3
PS1-10ia,0,0,1,1,0,0,0,1,0,2
PS1-10if,0,0,1,1,0,0,0,1,0,2
PS1-10io,0,0,1,1,0,1,0,1,0,3
PS1-10j,0,0,1,1,0,1,0,1,0,3
PS1-10k,0,0,1,1,0,1,0,1,0,3
PS1-10n,0,0,1,1,0,1,0,1,0,3
PS1-10o,0,0,1,1,0,1,0,1,0,3
PS1-10s,0,0,1,1,0,0,0,1,0,2
PS1-11aj,0,0,0,1,0,0,0,1,0,1
PS1-11at,0,0,1,1,0,0,0,1,0,2
PS1-11bk,0,0,1,1,0,0,0,1,0,2
PS1-11fi,0,0,1,1,0,1,0,1,0,3
PS1-11kk,0,0,0,1,0,1,0,1,0,2
PS1-11uw,0,0,1,1,0,0,0,1,0,2
PS1-11w,0,0,1,1,0,0,0,1,0,2
PS1-11yj,0,0,1,1,0,0,0,1,0,2
PS1-11yu,0,0,1,1,0,0,0,1,0,2
PS1-11zu,0,0,1,1,0,0,0,1,0,2
PS1-11zv,0,0,1,1,0,0,0,1,0,2
PS1-11zw,0,0,1,1,0,0,0,1,0,2
PSc000022,0,0,0.9076,0,0,0,0,1,0,0.9076
PSc000186,0,0,0,0,0,0,0,1,-1,-1
PSc000200,0,0,0.8942,0,0,0,0,1,0,0.8942
PSc000552,0,0,0.8743,0,0,0,0,1,0,0.8743
PSc010009,0,0,0.5139,0,0,0,0,1,0,0.5139
PSc010174,0,0,0.8533,0,0,0,0,1,0,0.8533
PSc010218,0,0,0.9508,0,0,0,0,1,0,0.9508
PSc020104,0,0,0.8317,0,0,0,0,1,0,0.8317
PSc040139,0,0,0.7873,0,0,0,0,1,0,0.7873
PSc040318,0,0,0.9033,0,0,0,0,1,0,0.9033
PSc040783,0,0,0.8571,0,0,0,0,1,0,0.8571
PSc050617,0,0,0.9558,0,0,0,0,1,0,0.9558
PSc060242,0,0,0.6495,0,0,0,0,1,0,0.6495
PSc061191,0,0,0.8763,0,0,0,0,1,0,0.8763
PSc061197,0,0,0.9122,0,0,0,0,1,0,0.9122
PSc070003,0,0,0.8367,0,0,0,0,1,0,0.8367
PSc070054,0,0,0.9755,0,0,0,0,1,0,0.9755
PSc070402,0,0,0.8975,0,0,0,0,1,0,0.8975
PSc070470,0,0,0.7593,0,0,0,0,1,0,0.7593
PSc070530,0,0,0,0,0,0,0,1,-1,-1
PSc070567,0,0,0.9461,0,0,0,0,1,0,0.9461
PSc071032,0,0,0.6879,0,0,0,0,1,0,0.6879
PSc080064,0,0,1,1,0,0,0,1,0,2
PSc080438,0,0,0.9766,0,0,0,0,1,0,0.9766
PSc080646,0,0,1,1,0,0,0,1,0,2
PSc080723,0,0,1,1,0,0,0,1,0,2
PSc090107,0,0,0.7327,0,0,0,0,1,0,0.7327
PSc090147,0,0,0.7233,0,0,0,0,1,0,0.7233
PSc090275,0,0,1,1,0,0,0,1,0,2
PSc091748,0,0,1,1,0,0,0,1,0,2
PSc100163,0,0,1,1,0,0,0,1,0,2
PSc100164,0,0,0.9568,0,0,0,0,1,0,0.9568
PSc100206,0,0,1,1,0,0,0,1,0,2
PSc100405,0,0,1,1,0,0,0,1,0,2
PSc110014,0,0,0.7893,0,0,0,0,1,0,0.7893
PSc110422,0,0,0,0,0,0,0,1,-1,-1
PSc110725,0,0,0.8173,0,0,0,0,1,0,0.8173
PSc120111,0,0,0,0,0,0,0,1,-1,-1
PSc120706,0,0,0.8808,0,0,0,0,1,0,0.8808
PSc130373,0,0,0.8951,0,0,0,0,1,0,0.8951
PSc140210,0,0,0.8787,0,0,0,0,1,0,0.8787
PSc150210,0,0,0.9764,0,0,0,0,1,0,0.9764
PSc180255,0,0,0.9821,0,0,0,0,1,0,0.9821
PSc180561,0,0,1,1,0,0,0,1,0,2
PSc380204,0,0,0,0,0,0,0,1,-1,-1
PSc500020,0,0,0.827,0,0,0,0,1,0,0.827
PSc500043,0,0,0.5561,0,0,0,0,1,0,0.5561
PSc500065,0,0,0,0,0,0,0,1,-1,-1
PSc550031,0,0,0.8688,0,0,0,0,1,0,0.8688
PSc580072,0,0,0.5556,0,0,0,0,1,0,0.5556
PTF09foz,0,0,0,0,0,0,4,1,1,1
PTF10cko,0,0,0,0,0,0,1,1,1,1
PTF10cwm,0,0,0,0,0,0,1,1,1,1
PTF10fej,0,0,0,0,0,0,1,1,1,1
PTF10gsp,0,0,0,0,0,0,1,1,1,1
PTF10nda,0,0,0,0,0,0,1,1,1,1
PTF10qna,0,0,0,0,0,0,1,1,1,1
PTF10rbp,0,0,0,0,0,0,1,1,1,1
PTF10trp,0,0,0,0,0,0,2,1,1,1
PTF10ujt,0,0,0,0,0,0,1,1,1,1
PTF10vnu,0,0,0,0,0,0,1,1,1,1
PTF11dej,0,0,0,0,0,1,0,1,0,1
SDSS-II SN 10036,0.982,0,0,0,0,0,0,1,0,0.982
SDSS-II SN 10066,0.996,0,0,0,0,0,0,1,0,0.996
SDSS-II SN 10113,0.999,0,0,0,0,0,0,1,0,0.999
SDSS-II SN 10146,1,0,0,0,0,0,0,1,0,1
SDSS-II SN 10299,1,0,0,0,0,0,0,1,0,1
SDSS-II SN 10450,1,0,0,0,0,0,0,1,0,1
SDSS-II SN 10506,0.984,0,0,0,0,0,0,1,0,0.984
SDSS-II SN 10524,0.985,0,0,0,0,0,0,1,0,0.985
SDSS-II SN 10559,1,0,0,0,0,0,0,1,0,1
SDSS-II SN 10843,0.971,0,0,0,0,0,0,1,0,0.971
SDSS-II SN 11026,1,0,0,0,0,0,0,1,0,1
SDSS-II SN 11098,0.951,0,0,0,0,0,0,1,0,0.951
SDSS-II SN 11156,0.817,0,0,0,0,0,0,1,0,0.817
SDSS-II SN 11181,0.969,0,0,0,0,0,0,1,0,0.969
SDSS-II SN 11305,0,0,0,0,0,0,0,-1,-1,-1
SDSS-II SN 11317,0.948,0,0,0,0,0,0,1,0,0.948
SDSS-II SN 11370,0.992,0,0,0,0,0,0,1,0,0.992
SDSS-II SN 11518,0.994,0,0,0,0,0,0,1,0,0.994
SDSS-II SN 1166,1,0,0,0,0,0,0,1,0,1
SDSS-II SN 11771,0.951,0,0,0,0,0,0,1,0,0.951
SDSS-II SN 11858,0.925,0,0,0,0,0,0,1,0,0.925
SDSS-II SN 12199,0.997,0,0,0,0,0,0,1,0,0.997
SDSS-II SN 12213,0.961,0,0,0,0,0,0,1,0,0.961
SDSS-II SN 12804,1,0,0,0,0,0,0,1,0,1
SDSS-II SN 12852,1,0,0,0,0,0,0,1,0,1
SDSS-II SN 12875,1,0,0,0,0,0,0,1,0,1
SDSS-II SN 12879,0.992,0,0,0,0,0,0,1,0,0.992
SDSS-II SN 12936,1,0,0,0,0,0,0,1,0,1
SDSS-II SN 12941,1,0,0,0,0,0,0,1,0,1
SDSS-II SN 12974,1,0,0,0,0,0,0,1,0,1
SDSS-II SN 12978,1,0,0,0,0,0,0,1,0,1
SDSS-II SN 1302,1,0,0,0,0,0,0,1,0,1
SDSS-II SN 13076,-1,0,0,0,0,0,0,-1,0,-1
SDSS-II SN 13096,1,0,0,0,0,0,0,1,0,1
SDSS-II SN 13101,0.987,0,0,0,0,0,0,1,0,0.987
SDSS-II SN 13108,1,0,0,0,0,0,0,1,0,1
SDSS-II SN 13147,0.74,0,0,0,0,0,0,1,0,0.74
SDSS-II SN 13168,0.973,0,0,0,0,0,0,1,0,0.973
SDSS-II SN 13177,0.997,0,0,0,0,0,0,1,0,0.997
SDSS-II SN 13323,1,0,0,0,0,0,0,1,0,1
SDSS-II SN 13333,1,0,0,0,0,0,0,1,0,1
SDSS-II SN 13378,1,0,0,0,0,0,0,1,0,1
SDSS-II SN 13393,1,0,0,0,0,0,0,1,0,1
SDSS-II SN 13411,1,0,0,0,0,0,0,1,0,1
SDSS-II SN 1342,1,0,0,0,0,0,0,1,0,1
SDSS-II SN 13452,0.998,0,0,0,0,0,0,1,0,0.998
SDSS-II SN 13458,0.999,0,0,0,0,0,0,-1,0,0.999
SDSS-II SN 13465,1,0,0,0,0,0,0,1,0,1
SDSS-II SN 13476,1,0,0,0,0,0,0,1,0,1
SDSS-II SN 13479,0.986,0,0,0,0,0,0,1,0,0.986
SDSS-II SN 13492,0.883,0,0,0,0,0,0,1,0,0.883
SDSS-II SN 13497,0.84,0,0,0,0,0,0,1,0,0.84
SDSS-II SN 13507,0.991,0,0,0,0,0,0,1,0,0.991
SDSS-II SN 13520,1,0,0,0,0,0,0,1,0,1
SDSS-II SN 13529,1,0,0,0,0,0,0,1,0,1
SDSS-II SN 13532,0.858,0,0,0,0,0,0,1,0,0.858
SDSS-II SN 13590,0,0,0,0,0,0,0,1,-1,-1
SDSS-II SN 13615,0.99,0,0,0,0,0,0,1,0,0.99
SDSS-II SN 13646,1,0,0,0,0,0,0,1,0,1
SDSS-II SN 13659,0.996,0,0,0,0,0,0,1,0,0.996
SDSS-II SN 13716,1,0,0,0,0,0,0,1,0,1
SDSS-II SN 13729,0.999,0,0,0,0,0,0,1,0,0.999
SDSS-II SN 13731,0.987,0,0,0,0,0,0,1,0,0.987
SDSS-II SN 13732,0.995,0,0,0,0,0,0,1,0,0.995
SDSS-II SN 13734,0.985,0,0,0,0,0,0,1,0,0.985
SDSS-II SN 13737,1,0,0,0,0,0,0,1,0,1
SDSS-II SN 13777,0,0,0,0,0,0,0,-1,-1,-1
SDSS-II SN 1378,0,0,0,0,0,0,0,1,0,-1
SDSS-II SN 13813,1,0,0,0,0,0,0,1,0,1
SDSS-II SN 13833,0.998,0,0,0,0,0,0,1,0,0.998
SDSS-II SN 13836,0.954,0,0,0,0,0,0,1,0,0.954
SDSS-II SN 13839,-1,0,0,0,0,0,0,-1,0,-1
SDSS-II SN 13843,0.997,0,0,0,0,0,0,1,0,0.997
SDSS-II SN 1385,1,0,0,0,0,0,0,1,0,1
SDSS-II SN 13859,0.995,0,0,0,0,0,0,1,0,0.995
SDSS-II SN 13864,1,0,0,0,0,0,0,1,0,1
SDSS-II SN 13867,1,0,0,0,0,0,0,1,0,1
SDSS-II SN 13896,1,0,0,0,0,0,0,1,0,1
SDSS-II SN 13901,0.976,0,0,0,0,0,0,1,0,0.976
SDSS-II SN 13902,0.997,0,0,0,0,0,0,1,0,0.997
SDSS-II SN 13903,0.5,0,0,0,0,0,0,1,0,0.5
SDSS-II SN 13904,0,0,0,0,0,0,0,1,-1,-1
SDSS-II SN 13907,1,0,0,0,0,0,0,1,0,1
SDSS-II SN 13908,1,0,0,0,0,0,0,1,0,1
SDSS-II SN 13909,1,0,0,0,0,0,0,1,0,1
SDSS-II SN 13942,0,0,0,0,0,0,0,1,-1,-1
SDSS-II SN 13946,0.384,0,0,0,0,0,0,1,0,0.384
SDSS-II SN 13958,0,0,0,0,0,0,0,1,-1,-1
SDSS-II SN 13998,0,0,0,0,0,0,0,1,-1,-1
SDSS-II SN 1403,1,0,0,0,0,0,0,1,0,1
SDSS-II SN 14035,0,0,0,0,0,0,0,1,-1,-1
SDSS-II SN 14046,0.993,0,0,0,0,0,0,1,0,0.993
SDSS-II SN 14074,1,0,0,0,0,0,0,1,0,1
SDSS-II SN 14093,1,0,0,0,0,0,0,1,0,1
SDSS-II SN 14113,1,0,0,0,0,0,0,1,0,1
SDSS-II SN 14137,0.999,0,0,0,0,0,0,1,0,0.999
SDSS-II SN 1415,1,0,0,0,0,0,0,1,0,1
SDSS-II SN 14169,-1,0,0,0,0,0,0,-1,0,-1
SDSS-II SN 14177,-1,0,0,0,0,0,0,-1,0,-1
SDSS-II SN 14205,1,0,0,0,0,0,0,1,0,1
SDSS-II SN 14223,0.621,0,0,0,0,0,0,1,0,0.621
SDSS-II SN 14231,1,0,0,0,0,0,0,1,0,1
SDSS-II SN 14250,0.99,0,0,0,0,0,0,1,0,0.99
SDSS-II SN 14268,1,0,0,0,0,0,0,1,0,1
SDSS-II SN 14305,1,0,0,0,0,0,0,1,0,1
SDSS-II SN 14317,1,0,0,0,0,0,0,1,0,1
SDSS-II SN 14322,0.927,0,0,0,0,0,0,1,0,0.927
SDSS-II SN 14327,0.99,0,0,0,0,0,0,1,0,0.99
SDSS-II SN 14330,0.999,0,0,0,0,0,0,1,0,0.999
SDSS-II SN 14333,1,0,0,0,0,0,0,1,0,1
SDSS-II SN 14343,1,0,0,0,0,0,0,1,0,1
SDSS-II SN 14346,1,0,0,0,0,0,0,1,0,1
SDSS-II SN 14347,1,0,0,0,0,0,0,1,0,1
SDSS-II SN 14361,1,0,0,0,0,0,0,1,0,1
SDSS-II SN 14389,1,0,0,0,0,0,0,1,0,1
SDSS-II SN 14403,1,0,0,0,0,0,0,1,0,1
SDSS-II SN 14438,1,0,0,0,0,0,0,1,0,1
SDSS-II SN 14445,1,0,0,0,0,0,0,1,0,1
SDSS-II SN 14446,-1,0,0,0,0,0,0,1,0,-1
SDSS-II SN 14453,0.888,0,0,0,0,0,0,1,0,0.888
SDSS-II SN 14470,1,0,0,0,0,0,0,1,0,1
SDSS-II SN 14478,0.985,0,0,0,0,0,0,1,0,0.985
SDSS-II SN 14480,0.979,0,0,0,0,0,0,1,0,0.979
SDSS-II SN 14498,0.967,0,0,0,0,0,0,1,0,0.967
SDSS-II SN 14500,0.979,0,0,0,0,0,0,1,0,0.979
SDSS-II SN 14505,1,0,0,0,0,0,0,-1,0,1
SDSS-II SN 14523,-1,0,0,0,0,0,0,1,0,-1
SDSS-II SN 14524,1,0,0,0,0,0,0,1,0,1
SDSS-II SN 14525,1,0,0,0,0,0,0,1,0,1
SDSS-II SN 14531,1,0,0,0,0,0,0,1,0,1
SDSS-II SN 14617,1,0,0,0,0,0,0,1,0,1
SDSS-II SN 14624,1,0,0,0,0,0,0,1,0,1
SDSS-II SN 14638,0.996,0,0,0,0,0,0,1,0,0.996
SDSS-II SN 14644,0.989,0,0,0,0,0,0,1,0,0.989
SDSS-II SN 14654,0.987,0,0,0,0,0,0,1,0,0.987
SDSS-II SN 14708,1,0,0,0,0,0,0,1,0,1
SDSS-II SN 14750,1,0,0,0,0,0,0,1,0,1
SDSS-II SN 14760,0.753,0,0,0,0,0,0,1,0,0.753
SDSS-II SN 14771,0.931,0,0,0,0,0,0,1,0,0.931
SDSS-II SN 1478,1,0,0,0,0,0,0,1,0,1
SDSS-II SN 14784,1,0,0,0,0,0,0,1,0,1
SDSS-II SN 14786,0.999,0,0,0,0,0,0,1,0,0.999
SDSS-II SN 14809,0,0,0,0,0,0,0,1,-1,-1
SDSS-II SN 14845,0.982,0,0,0,0,0,0,1,0,0.982
SDSS-II SN 14858,0,0,0,0,0,0,0,1,-1,-1
SDSS-II SN 14876,0.785,0,0,0,0,0,0,1,0,0.785
SDSS-II SN 14883,1,0,0,0,0,0,0,1,0,1
SDSS-II SN 14888,1,0,0,0,0,0,0,1,0,1
SDSS-II SN 14900,1,0,0,0,0,0,0,1,0,1
SDSS-II SN 14907,0.994,0,0,0,0,0,0,1,0,0.994
SDSS-II SN 14916,0.994,0,0,0,0,0,0,1,0,0.994
SDSS-II SN 14925,0,0,0,0,0,0,0,1,-1,-1
SDSS-II SN 14951,0.742,0,0,0,0,0,0,1,0,0.742
SDSS-II SN 14963,1,0,0,0,0,0,0,1,0,1
SDSS-II SN 14972,0.974,0,0,0,0,0,0,1,0,0.974
SDSS-II SN 15006,0.933,0,0,0,0,0,0,1,0,0.933
SDSS-II SN 15008,0.805,0,0,0,0,0,0,1,0,0.805
SDSS-II SN 15033,1,0,0,0,0,0,0,1,0,1
SDSS-II SN 15074,0.994,0,0,0,0,0,0,1,0,0.994
SDSS-II SN 15075,0.991,0,0,0,0,0,0,1,0,0.991
SDSS-II SN 15080,0.999,0,0,0,0,0,0,1,0,0.999
SDSS-II SN 15093,0,0,0,0,0,0,0,1,-1,-1
SDSS-II SN 15101,0.995,0,0,0,0,0,0,1,0,0.995
SDSS-II SN 15103,0.998,0,0,0,0,0,0,1,0,0.998
SDSS-II SN 15108,0.982,0,0,0,0,0,0,1,0,0.982
SDSS-II SN 15137,1,0,0,0,0,0,0,1,0,1
SDSS-II SN 15160,1,0,0,0,0,0,0,1,0,1
SDSS-II SN 15198,1,0,0,0,0,0,0,1,0,1
SDSS-II SN 15239,0.995,0,0,0,0,0,0,1,0,0.995
SDSS-II SN 15255,1,0,0,0,0,0,0,1,0,1
SDSS-II SN 15272,1,0,0,0,0,0,0,1,0,1
SDSS-II SN 15291,0.983,0,0,0,0,0,0,1,0,0.983
SDSS-II SN 15294,0.988,0,0,0,0,0,0,1,0,0.988
SDSS-II SN 15324,0.985,0,0,0,0,0,0,1,0,0.985
SDSS-II SN 15347,1,0,0,0,0,0,0,1,0,1
SDSS-II SN 15353,0.999,0,0,0,0,0,0,1,0,0.999
SDSS-II SN 15359,1,0,0,0,0,0,0,1,0,1
SDSS-II SN 15370,0,0,0,0,0,0,0,1,-1,-1
SDSS-II SN 15401,0.965,0,0,0,0,0,0,1,0,0.965
SDSS-II SN 15417,1,0,0,0,0,0,0,1,0,1
SDSS-II SN 15418,0.952,0,0,0,0,0,0,1,0,0.952
SDSS-II SN 15419,1,0,0,0,0,0,0,1,0,1
SDSS-II SN 15422,0.938,0,0,0,0,0,0,1,0,0.938
SDSS-II SN 15455,0.989,0,0,0,0,0,0,1,0,0.989
SDSS-II SN 15467,1,0,0,0,0,0,0,1,0,1
SDSS-II SN 15470,0.968,0,0,0,0,0,0,1,0,0.968
SDSS-II SN 15486,-1,0,0,0,0,0,0,1,0,-1
SDSS-II SN 15489,0.81,0,0,0,0,0,0,1,0,0.81
SDSS-II SN 15496,1,0,0,0,0,0,0,1,0,1
SDSS-II SN 15505,0.943,0,0,0,0,0,0,1,0,0.943
SDSS-II SN 15516,0.973,0,0,0,0,0,0,1,0,0.973
SDSS-II SN 15525,0.964,0,0,0,0,0,0,1,0,0.964
SDSS-II SN 15526,0.996,0,0,0,0,0,0,1,0,0.996
SDSS-II SN 15533,0.999,0,0,0,0,0,0,1,0,0.999
SDSS-II SN 15539,0.992,0,0,0,0,0,0,-1,0,0.992
SDSS-II SN 15549,1,0,0,0,0,0,0,1,0,1
SDSS-II SN 15587,1,0,0,0,0,0,0,1,0,1
SDSS-II SN 15603,1,0,0,0,0,0,0,1,0,1
SDSS-II SN 15633,0.996,0,0,0,0,0,0,1,0,0.996
SDSS-II SN 15655,0.985,0,0,0,0,0,0,1,0,0.985
SDSS-II SN 15675,1,0,0,0,0,0,0,1,0,1
SDSS-II SN 15690,0,0,0,0,0,0,0,1,-1,-1
SDSS-II SN 15697,1,0,0,0,0,0,0,1,0,1
SDSS-II SN 15710,0.566,0,0,0,0,0,0,1,0,0.566
SDSS-II SN 15726,0.988,0,0,0,0,0,0,1,0,0.988
SDSS-II SN 15727,0,0,0,0,0,0,0,-1,-1,-1
SDSS-II SN 15730,0.942,0,0,0,0,0,0,1,0,0.942
SDSS-II SN 15737,0.996,0,0,0,0,0,0,1,0,0.996
SDSS-II SN 15748,1,0,0,0,0,0,0,1,0,1
SDSS-II SN 15751,1,0,0,0,0,0,0,1,0,1
SDSS-II SN 15755,1,0,0,0,0,0,0,1,0,1
SDSS-II SN 15761,0.961,0,0,0,0,0,0,1,0,0.961
SDSS-II SN 15765,0.882,0,0,0,0,0,0,1,0,0.882
SDSS-II SN 15779,1,0,0,0,0,0,0,1,0,1
SDSS-II SN 15782,0.898,0,0,0,0,0,0,1,0,0.898
SDSS-II SN 15784,1,0,0,0,0,0,0,1,0,1
SDSS-II SN 15793,0.95,0,0,0,0,0,0,1,0,0.95
SDSS-II SN 15805,0.879,0,0,0,0,0,0,1,0,0.879
SDSS-II SN 15806,1,0,0,0,0,0,0,1,0,1
SDSS-II SN 15814,1,0,0,0,0,0,0,1,0,1
SDSS-II SN 15817,0.975,0,0,0,0,0,0,1,0,0.975
SDSS-II SN 15823,1,0,0,0,0,0,0,1,0,1
SDSS-II SN 15850,1,0,0,0,0,0,0,1,0,1
SDSS-II SN 15860,0.999,0,0,0,0,0,0,1,0,0.999
SDSS-II SN 15865,1,0,0,0,0,0,0,1,0,1
SDSS-II SN 15866,1,0,0,0,0,0,0,1,0,1
SDSS-II SN 15892,1,0,0,0,0,0,0,1,0,1
SDSS-II SN 15903,0,0,0,0,0,0,0,1,-1,-1
SDSS-II SN 15916,0,0,0,0,0,0,0,1,-1,-1
SDSS-II SN 15929,-1,0,0,0,0,0,0,-1,0,-1
SDSS-II SN 15935,1,0,0,0,0,0,0,1,0,1
SDSS-II SN 15941,0.975,0,0,0,0,0,0,1,0,0.975
SDSS-II SN 15944,0.916,0,0,0,0,0,0,1,0,0.916
SDSS-II SN 15945,0.926,0,0,0,0,0,0,1,0,0.926
SDSS-II SN 15946,0.996,0,0,0,0,0,0,-1,0,0.996
SDSS-II SN 15961,0.975,0,0,0,0,0,0,1,0,0.975
SDSS-II SN 15967,0.92,0,0,0,0,0,0,1,0,0.92
SDSS-II SN 15988,0.969,0,0,0,0,0,0,1,0,0.969
SDSS-II SN 15992,0.837,0,0,0,0,0,0,1,0,0.837
SDSS-II SN 15994,-1,0,0,0,0,0,0,-1,0,-1
SDSS-II SN 16039,0.989,0,0,0,0,0,0,1,0,0.989
SDSS-II SN 16111,1,0,0,0,0,0,0,1,0,1
SDSS-II SN 16121,1,0,0,0,0,0,0,1,0,1
SDSS-II SN 16129,0.849,0,0,0,0,0,0,1,0,0.849
SDSS-II SN 16130,0.902,0,0,0,0,0,0,1,0,0.902
SDSS-II SN 16136,1,0,0,0,0,0,0,1,0,1
SDSS-II SN 16148,0.998,0,0,0,0,0,0,1,0,0.998
SDSS-II SN 16153,0.972,0,0,0,0,0,0,1,0,0.972
SDSS-II SN 16163,1,0,0,0,0,0,0,1,0,1
SDSS-II SN 16172,1,0,0,0,0,0,0,1,0,1
SDSS-II SN 16199,1,0,0,0,0,0,0,1,0,1
SDSS-II SN 16220,1,0,0,0,0,0,0,1,0,1
SDSS-II SN 16237,1,0,0,0,0,0,0,1,0,1
SDSS-II SN 16238,0.99,0,0,0,0,0,0,1,0,0.99
SDSS-II SN 16301,0.996,0,0,0,0,0,0,1,0,0.996
SDSS-II SN 16302,1,0,0,0,0,0,0,1,0,1
SDSS-II SN 16405,0.999,0,0,0,0,0,0,1,0,0.999
SDSS-II SN 16410,1,0,0,0,0,0,0,1,0,1
SDSS-II SN 16431,0.884,0,0,0,0,0,0,1,0,0.884
SDSS-II SN 16433,1,0,0,0,0,0,0,1,0,1
SDSS-II SN 16434,0.999,0,0,0,0,0,0,1,0,0.999
SDSS-II SN 16451,1,0,0,0,0,0,0,1,0,1
SDSS-II SN 16455,-1,0,0,0,0,0,0,1,0,-1
SDSS-II SN 16458,0.785,0,0,0,0,0,0,1,0,0.785
SDSS-II SN 16460,1,0,0,0,0,0,0,1,0,1
SDSS-II SN 16462,1,0,0,0,0,0,0,1,0,1
SDSS-II SN 16467,1,0,0,0,0,0,0,1,0,1
SDSS-II SN 16468,0.998,0,0,0,0,0,0,1,0,0.998
SDSS-II SN 16472,1,0,0,0,0,0,0,1,0,1
SDSS-II SN 16477,0.697,0,0,0,0,0,0,1,0,0.697
SDSS-II SN 1650,1,0,0,0,0,0,0,1,0,1
SDSS-II SN 16547,0,0,0,0,0,0,0,1,-1,-1
SDSS-II SN 16551,0.765,0,0,0,0,0,0,1,0,0.765
SDSS-II SN 16565,0,0,0,0,0,0,0,1,-1,-1
SDSS-II SN 16582,0.999,0,0,0,0,0,0,1,0,0.999
SDSS-II SN 16586,0.956,0,0,0,0,0,0,1,0,0.956
SDSS-II SN 16626,0.982,0,0,0,0,0,0,1,0,0.982
SDSS-II SN 16652,0.803,0,0,0,0,0,0,1,0,0.803
SDSS-II SN 16721,0.995,0,0,0,0,0,0,1,0,0.995
SDSS-II SN 16831,0.809,0,0,0,0,0,0,1,0,0.809
SDSS-II SN 1686,0.5,0,0,0,0,0,0,1,0,0.5
SDSS-II SN 16878,-1,0,0,0,0,0,0,-1,0,-1
SDSS-II SN 16879,0.944,0,0,0,0,0,0,1,0,0.944
SDSS-II SN 16937,-1,0,0,0,0,0,0,-1,0,-1
SDSS-II SN 16940,0.924,0,0,0,0,0,0,1,0,0.924
SDSS-II SN 16946,0.858,0,0,0,0,0,0,1,0,0.858
SDSS-II SN 16975,0.998,0,0,0,0,0,0,1,0,0.998
SDSS-II SN 16976,0.854,0,0,0,0,0,0,-1,0,0.854
SDSS-II SN 17068,0.815,0,0,0,0,0,0,1,0,0.815
SDSS-II SN 17169,1,0,0,0,0,0,0,1,0,1
SDSS-II SN 17191,1,0,0,0,0,0,0,1,0,1
SDSS-II SN 17205,1,0,0,0,0,0,0,1,0,1
SDSS-II SN 17206,1,0,0,0,0,0,0,1,0,1
SDSS-II SN 17219,1,0,0,0,0,0,0,1,0,1
SDSS-II SN 17337,1,0,0,0,0,0,0,1,0,1
SDSS-II SN 17372,1,0,0,0,0,0,0,1,0,1
SDSS-II SN 17395,1,0,0,0,0,0,0,1,0,1
SDSS-II SN 1740,1,0,0,0,0,0,0,1,0,1
SDSS-II SN 17421,1,0,0,0,0,0,0,1,0,1
SDSS-II SN 17423,1,0,0,0,0,0,0,1,0,1
SDSS-II SN 17433,1,0,0,0,0,0,0,1,0,1
SDSS-II SN 17473,1,0,0,0,0,0,0,1,0,1
SDSS-II SN 1750,1,0,0,0,0,0,0,1,0,1
SDSS-II SN 17508,1,0,0,0,0,0,0,1,0,1
SDSS-II SN 17527,0.999,0,0,0,0,0,0,1,0,0.999
SDSS-II SN 17577,0.939,0,0,0,0,0,0,1,0,0.939
SDSS-II SN 17647,0.694,0,0,0,0,0,0,1,0,0.694
SDSS-II SN 17682,1,0,0,0,0,0,0,1,0,1
SDSS-II SN 17692,-1,0,0,0,0,0,0,1,0,-1
SDSS-II SN 17737,1,0,0,0,0,0,0,1,0,1
SDSS-II SN 17748,1,0,0,0,0,0,0,1,0,1
SDSS-II SN 17773,1,0,0,0,0,0,0,1,0,1
SDSS-II SN 17829,0.989,0,0,0,0,0,0,1,0,0.989
SDSS-II SN 1783,1,0,0,0,0,0,0,1,0,1
SDSS-II SN 17835,0,0,0,0,0,0,0,1,-1,-1
SDSS-II SN 17851,0,0,0,0,0,0,0,1,-1,-1
SDSS-II SN 17882,0,0,0,0,0,0,0,1,-1,-1
SDSS-II SN 17899,1,0,0,0,0,0,0,1,0,1
SDSS-II SN 17906,1,0,0,0,0,0,0,1,0,1
SDSS-II SN 17915,0.961,0,0,0,0,0,0,1,0,0.961
SDSS-II SN 17925,1,0,0,0,0,0,0,1,0,1
SDSS-II SN 17928,0.985,0,0,0,0,0,0,1,0,0.985
SDSS-II SN 17945,0.877,0,0,0,0,0,0,1,0,0.877
SDSS-II SN 17949,1,0,0,0,0,0,0,1,0,1
SDSS-II SN 17955,1,0,0,0,0,0,0,1,0,1
SDSS-II SN 17957,1,0,0,0,0,0,0,1,0,1
SDSS-II SN 17958,1,0,0,0,0,0,0,1,0,1
SDSS-II SN 17965,0.97,0,0,0,0,0,0,1,0,0.97
SDSS-II SN 17967,1,0,0,0,0,0,0,1,0,1
SDSS-II SN 18011,0.971,0,0,0,0,0,0,1,0,0.971
SDSS-II SN 18034,0.994,0,0,0,0,0,0,1,0,0.994
SDSS-II SN 18041,0.997,0,0,0,0,0,0,1,0,0.997
SDSS-II SN 18047,0.992,0,0,0,0,0,0,1,0,0.992
SDSS-II SN 18049,1,0,0,0,0,0,0,1,0,1
SDSS-II SN 18067,1,0,0,0,0,0,0,1,0,1
SDSS-II SN 18071,0,0,0,0,0,0,0,1,-1,-1
SDSS-II SN 18100,0.957,0,0,0,0,0,0,1,0,0.957
SDSS-II SN 18130,1,0,0,0,0,0,0,1,0,1
SDSS-II SN 18146,0.984,0,0,0,0,0,0,1,0,0.984
SDSS-II SN 18175,0.98,0,0,0,0,0,0,1,0,0.98
SDSS-II SN 18188,0,0,0,0,0,0,0,1,-1,-1
SDSS-II SN 18221,0.995,0,0,0,0,0,0,1,0,0.995
SDSS-II SN 18224,0.979,0,0,0,0,0,0,1,0,0.979
SDSS-II SN 1823,1,0,0,0,0,0,0,1,0,1
SDSS-II SN 18253,0.999,0,0,0,0,0,0,1,0,0.999
SDSS-II SN 18254,0.986,0,0,0,0,0,0,1,0,0.986
SDSS-II SN 18324,1,0,0,0,0,0,0,1,0,1
SDSS-II SN 18339,1,0,0,0,0,0,0,1,0,1
SDSS-II SN 1835,1,0,0,0,0,0,0,1,0,1
SDSS-II SN 18362,1,0,0,0,0,0,0,1,0,1
SDSS-II SN 18374,1,0,0,0,0,0,0,1,0,1
SDSS-II SN 18430,0,0,0,0,0,0,0,1,0,0
SDSS-II SN 18450,0.999,0,0,0,0,0,0,1,0,0.999
SDSS-II SN 18454,0.997,0,0,0,0,0,0,1,0,0.997
SDSS-II SN 18459,0.999,0,0,0,0,0,0,-1,0,0.999
SDSS-II SN 18468,-1,0,0,0,0,0,0,-1,0,-1
SDSS-II SN 18473,0.998,0,0,0,0,0,0,1,0,0.998
SDSS-II SN 18475,0,0,0,0,0,0,0,1,-1,-1
SDSS-II SN 18589,1,0,0,0,0,0,0,1,0,1
SDSS-II SN 18630,0.97,0,0,0,0,0,0,1,0,0.97
SDSS-II SN 18647,1,0,0,0,0,0,0,1,0,1
SDSS-II SN 18666,0.998,0,0,0,0,0,0,1,0,0.998
SDSS-II SN 18704,1,0,0,0,0,0,0,1,0,1
SDSS-II SN 18722,0.994,0,0,0,0,0,0,1,0,0.994
SDSS-II SN 18767,1,0,0,0,0,0,0,1,0,1
SDSS-II SN 18797,1,0,0,0,0,0,0,1,0,1
SDSS-II SN 18802,0.991,0,0,0,0,0,0,1,0,0.991
SDSS-II SN 18917,1,0,0,0,0,0,0,1,0,1
SDSS-II SN 18920,1,0,0,0,0,0,0,1,0,1
SDSS-II SN 18947,0.988,0,0,0,0,0,0,1,0,0.988
SDSS-II SN 18948,0.958,0,0,0,0,0,0,1,0,0.958
SDSS-II SN 18952,0.986,0,0,0,0,0,0,1,0,0.986
SDSS-II SN 18971,1,0,0,0,0,0,0,1,0,1
SDSS-II SN 18990,0.942,0,0,0,0,0,0,1,0,0.942
SDSS-II SN 18993,0.681,0,0,0,0,0,0,1,0,0.681
SDSS-II SN 19013,0.955,0,0,0,0,0,0,1,0,0.955
SDSS-II SN 19052,1,0,0,0,0,0,0,1,0,1
SDSS-II SN 19059,0.998,0,0,0,0,0,0,1,0,0.998
SDSS-II SN 19065,0,0,0,0,0,0,0,-1,-1,-1
SDSS-II SN 19068,0.86,0,0,0,0,0,0,1,0,0.86
SDSS-II SN 19069,0.993,0,0,0,0,0,0,1,0,0.993
SDSS-II SN 19104,0.986,0,0,0,0,0,0,1,0,0.986
SDSS-II SN 19132,0.976,0,0,0,0,0,0,1,0,0.976
SDSS-II SN 19140,-1,0,0,0,0,0,0,-1,0,-1
SDSS-II SN 19144,0.921,0,0,0,0,0,0,1,0,0.921
SDSS-II SN 19188,0.992,0,0,0,0,0,0,1,0,0.992
SDSS-II SN 19209,-1,0,0,0,0,0,0,-1,0,-1
SDSS-II SN 19246,0.924,0,0,0,0,0,0,1,0,0.924
SDSS-II SN 19335,0.999,0,0,0,0,0,0,1,0,0.999
SDSS-II SN 19336,0.999,0,0,0,0,0,0,1,0,0.999
SDSS-II SN 19338,0.994,0,0,0,0,0,0,1,0,0.994
SDSS-II SN 19339,1,0,0,0,0,0,0,1,0,1
SDSS-II SN 19344,0.999,0,0,0,0,0,0,1,0,0.999
SDSS-II SN 19346,0.984,0,0,0,0,0,0,1,0,0.984
SDSS-II SN 19359,0.991,0,0,0,0,0,0,1,0,0.991
SDSS-II SN 19377,0.999,0,0,0,0,0,0,1,0,0.999
SDSS-II SN 19399,0.958,0,0,0,0,0,0,1,0,0.958
SDSS-II SN 19414,0.996,0,0,0,0,0,0,1,0,0.996
SDSS-II SN 19434,-1,0,0,0,0,0,0,1,0,-1
SDSS-II SN 19467,0.996,0,0,0,0,0,0,1,0,0.996
SDSS-II SN 19484,0.982,0,0,0,0,0,0,1,0,0.982
SDSS-II SN 19490,1,0,0,0,0,0,0,1,0,1
SDSS-II SN 19517,-1,0,0,0,0,0,0,1,0,-1
SDSS-II SN 19518,0.991,0,0,0,0,0,0,1,0,0.991
SDSS-II SN 19525,-1,0,0,0,0,0,0,-1,0,-1
SDSS-II SN 19545,0.999,0,0,0,0,0,0,1,0,0.999
SDSS-II SN 19552,0.992,0,0,0,0,0,0,1,0,0.992
SDSS-II SN 1958,0.992,0,0,0,0,0,0,-1,0,0.992
SDSS-II SN 19582,-1,0,0,0,0,0,0,1,0,-1
SDSS-II SN 19599,0,0,0,0,0,0,0,-1,-1,-1
SDSS-II SN 19619,0.996,0,0,0,0,0,0,1,0,0.996
SDSS-II SN 19668,1,0,0,0,0,0,0,1,0,1
SDSS-II SN 19689,-1,0,0,0,0,0,0,1,0,-1
SDSS-II SN 19690,0.991,0,0,0,0,0,0,1,0,0.991
SDSS-II SN 19723,1,0,0,0,0,0,0,1,0,1
SDSS-II SN 19758,0.878,0,0,0,0,0,0,1,0,0.878
SDSS-II SN 19769,1,0,0,0,0,0,0,1,0,1
SDSS-II SN 19772,1,0,0,0,0,0,0,-1,0,1
SDSS-II SN 19776,0.979,0,0,0,0,0,0,1,0,0.979
SDSS-II SN 19778,0.989,0,0,0,0,0,0,1,0,0.989
SDSS-II SN 1978,0,0,0,0,0,0,0,1,-1,-1
SDSS-II SN 1979,1,0,0,0,0,0,0,1,0,1
SDSS-II SN 19821,1,0,0,0,0,0,0,1,0,1
SDSS-II SN 19986,0.985,0,0,0,0,0,0,1,0,0.985
SDSS-II SN 19987,0,0,0,0,0,0,0,-1,-1,-1
SDSS-II SN 20033,1,0,0,0,0,0,0,1,0,1
SDSS-II SN 20043,0.997,0,0,0,0,0,0,1,0,0.997
SDSS-II SN 20046,1,0,0,0,0,0,0,1,0,1
SDSS-II SN 20047,0.993,0,0,0,0,0,0,1,0,0.993
SDSS-II SN 20141,1,0,0,0,0,0,0,1,0,1
SDSS-II SN 20152,0.748,0,0,0,0,0,0,1,0,0.748
SDSS-II SN 20171,1,0,0,0,0,0,0,1,0,1
SDSS-II SN 20232,1,0,0,0,0,0,0,1,0,1
SDSS-II SN 20257,1,0,0,0,0,0,0,1,0,1
SDSS-II SN 20262,0.999,0,0,0,0,0,0,1,0,0.999
SDSS-II SN 20267,0.976,0,0,0,0,0,0,1,0,0.976
SDSS-II SN 20272,0.917,0,0,0,0,0,0,1,0,0.917
SDSS-II SN 20276,0.997,0,0,0,0,0,0,1,0,0.997
SDSS-II SN 20278,1,0,0,0,0,0,0,1,0,1
SDSS-II SN 20316,-1,0,0,0,0,0,0,1,0,-1
SDSS-II SN 20323,0.991,0,0,0,0,0,0,1,0,0.991
SDSS-II SN 20400,0.99,0,0,0,0,0,0,1,0,0.99
SDSS-II SN 20405,-1,0,0,0,0,0,0,-1,0,-1
SDSS-II SN 20408,0.817,0,0,0,0,0,0,1,0,0.817
SDSS-II SN 20431,-1,0,0,0,0,0,0,1,0,-1
SDSS-II SN 20435,0.999,0,0,0,0,0,0,1,0,0.999
SDSS-II SN 20447,1,0,0,0,0,0,0,1,0,1
SDSS-II SN 20467,1,0,0,0,0,0,0,1,0,1
SDSS-II SN 20491,1,0,0,0,0,0,0,1,0,1
SDSS-II SN 20514,1,0,0,0,0,0,0,1,0,1
SDSS-II SN 20541,0.948,0,0,0,0,0,0,1,0,0.948
SDSS-II SN 20545,1,0,0,0,0,0,0,1,0,1
SDSS-II SN 20553,0.994,0,0,0,0,0,0,1,0,0.994
SDSS-II SN 20557,0.995,0,0,0,0,0,0,1,0,0.995
SDSS-II SN 20578,0.989,0,0,0,0,0,0,1,0,0.989
SDSS-II SN 20588,0.997,0,0,0,0,0,0,1,0,0.997
SDSS-II SN 20590,1,0,0,0,0,0,0,1,0,1
SDSS-II SN 20591,1,0,0,0,0,0,0,1,0,1
SDSS-II SN 20596,-1,0,0,0,0,0,0,1,0,-1
SDSS-II SN 20613,0.995,0,0,0,0,0,0,1,0,0.995
SDSS-II SN 20663,0.999,0,0,0,0,0,0,1,0,0.999
SDSS-II SN 20678,0,0,0,0,0,0,0,1,-1,-1
SDSS-II SN 20685,0.975,0,0,0,0,0,0,1,0,0.975
SDSS-II SN 20709,0.958,0,0,0,0,0,0,1,0,0.958
SDSS-II SN 20719,0.999,0,0,0,0,0,0,1,0,0.999
SDSS-II SN 20721,0.997,0,0,0,0,0,0,1,0,0.997
SDSS-II SN 20722,0.997,0,0,0,0,0,0,1,0,0.997
SDSS-II SN 20744,0.944,0,0,0,0,0,0,1,0,0.944
SDSS-II SN 20750,1,0,0,0,0,0,0,1,0,1
SDSS-II SN 20759,0.974,0,0,0,0,0,0,1,0,0.974
SDSS-II SN 20787,0.999,0,0,0,0,0,0,1,0,0.999
SDSS-II SN 20791,0.993,0,0,0,0,0,0,1,0,0.993
SDSS-II SN 20805,0.935,0,0,0,0,0,0,1,0,0.935
SDSS-II SN 20825,0.989,0,0,0,0,0,0,1,0,0.989
SDSS-II SN 20828,0.719,0,0,0,0,0,0,1,0,0.719
SDSS-II SN 20830,0.539,0,0,0,0,0,0,1,0,0.539
SDSS-II SN 20842,1,0,0,0,0,0,0,1,0,1
SDSS-II SN 20877,0.972,0,0,0,0,0,0,1,0,0.972
SDSS-II SN 20896,0.956,0,0,0,0,0,0,1,0,0.956
SDSS-II SN 20926,0.873,0,0,0,0,0,0,1,0,0.873
SDSS-II SN 20936,0,0,0,0,0,0,0,1,-1,-1
SDSS-II SN 20953,0.883,0,0,0,0,0,0,1,0,0.883
SDSS-II SN 20961,0.99,0,0,0,0,0,0,1,0,0.99
SDSS-II SN 20969,1,0,0,0,0,0,0,1,0,1
SDSS-II SN 20971,1,0,0,0,0,0,0,1,0,1
SDSS-II SN 20998,0.729,0,0,0,0,0,0,1,0,0.729
SDSS-II SN 21001,0.671,0,0,0,0,0,0,1,0,0.671
SDSS-II SN 21015,0.995,0,0,0,0,0,0,1,0,0.995
SDSS-II SN 21046,0.976,0,0,0,0,0,0,-1,0,0.976
SDSS-II SN 21060,0.994,0,0,0,0,0,0,1,0,0.994
SDSS-II SN 21069,0.952,0,0,0,0,0,0,1,0,0.952
SDSS-II SN 21185,-1,0,0,0,0,0,0,-1,0,-1
SDSS-II SN 21306,1,0,0,0,0,0,0,1,0,1
SDSS-II SN 21347,0,0,0,0,0,0,0,1,-1,-1
SDSS-II SN 21351,0.871,0,0,0,0,0,0,1,0,0.871
SDSS-II SN 21381,0.993,0,0,0,0,0,0,1,0,0.993
SDSS-II SN 21401,0.991,0,0,0,0,0,0,1,0,0.991
SDSS-II SN 21482,0.991,0,0,0,0,0,0,1,0,0.991
SDSS-II SN 21487,1,0,0,0,0,0,0,1,0,1
SDSS-II SN 2149,1,0,0,0,0,0,0,1,0,1
SDSS-II SN 21582,0.838,0,0,0,0,0,0,1,0,0.838
SDSS-II SN 21589,0.995,0,0,0,0,0,0,1,0,0.995
SDSS-II SN 21591,0.997,0,0,0,0,0,0,1,0,0.997
SDSS-II SN 2162,1,0,0,0,0,0,0,1,0,1
SDSS-II SN 21663,0.946,0,0,0,0,0,0,1,0,0.946
SDSS-II SN 21813,0.939,0,0,0,0,0,0,1,0,0.939
SDSS-II SN 21858,0.986,0,0,0,0,0,0,1,0,0.986
SDSS-II SN 21874,0.973,0,0,0,0,0,0,1,0,0.973
SDSS-II SN 21875,0.971,0,0,0,0,0,0,1,0,0.971
SDSS-II SN 21884,0.943,0,0,0,0,0,0,1,0,0.943
SDSS-II SN 21885,0.98,0,0,0,0,0,0,1,0,0.98
SDSS-II SN 21888,0.994,0,0,0,0,0,0,1,0,0.994
SDSS-II SN 2551,1,0,0,0,0,0,0,1,0,1
SDSS-II SN 2621,1,0,0,0,0,0,0,1,0,1
SDSS-II SN 2639,1,0,0,0,0,0,0,1,0,1
SDSS-II SN 2784,0.969,0,0,0,0,0,0,1,0,0.969
SDSS-II SN 2806,1,0,0,0,0,0,0,1,0,1
SDSS-II SN 2808,1,0,0,0,0,0,0,1,0,1
SDSS-II SN 2855,1,0,0,0,0,0,0,1,0,1
SDSS-II SN 2871,1,0,0,0,0,0,0,1,0,1
SDSS-II SN 3161,0.993,0,0,0,0,0,0,1,0,0.993
SDSS-II SN 3172,1,0,0,0,0,0,0,1,0,1
SDSS-II SN 3175,1,0,0,0,0,0,0,1,0,1
SDSS-II SN 3180,0,0,0,0,0,0,0,1,-1,-1
SDSS-II SN 3195,1,0,0,0,0,0,0,1,0,1
SDSS-II SN 3205,0.98,0,0,0,0,0,0,1,0,0.98
SDSS-II SN 3206,1,0,0,0,0,0,0,1,0,1
SDSS-II SN 3225,1,0,0,0,0,0,0,1,0,1
SDSS-II SN 3402,0.835,0,0,0,0,0,0,1,0,0.835
SDSS-II SN 3417,1,0,0,0,0,0,0,1,0,1
SDSS-II SN 3421,0.995,0,0,0,0,0,0,1,0,0.995
SDSS-II SN 3426,1,0,0,0,0,0,0,1,0,1
SDSS-II SN 3475,1,0,0,0,0,0,0,1,0,1
SDSS-II SN 3506,1,0,0,0,0,0,0,1,0,1
SDSS-II SN 3508,0.995,0,0,0,0,0,0,1,0,0.995
SDSS-II SN 3535,1,0,0,0,0,0,0,1,0,1
SDSS-II SN 3543,1,0,0,0,0,0,0,1,0,1
SDSS-II SN 3565,1,0,0,0,0,0,0,1,0,1
SDSS-II SN 3593,0.991,0,0,0,0,0,0,1,0,0.991
SDSS-II SN 3669,0.993,0,0,0,0,0,0,1,0,0.993
SDSS-II SN 3674,1,0,0,0,0,0,0,1,0,1
SDSS-II SN 3780,0.969,0,0,0,0,0,0,1,0,0.969
SDSS-II SN 3811,0.997,0,0,0,0,0,0,1,0,0.997
SDSS-II SN 3881,1,0,0,0,0,0,0,1,0,1
SDSS-II SN 3887,1,0,0,0,0,0,0,1,0,1
SDSS-II SN 3889,0,0,0,0,0,0,0,1,-1,-1
SDSS-II SN 3945,1,0,0,0,0,0,0,1,0,1
SDSS-II SN 3959,1,0,0,0,0,0,0,1,0,1
SDSS-II SN 3983,1,0,0,0,0,0,0,1,0,1
SDSS-II SN 4019,1,0,0,0,0,0,0,1,0,1
SDSS-II SN 4028,0.938,0,0,0,0,0,0,1,0,0.938
SDSS-II SN 4048,0.999,0,0,0,0,0,0,1,0,0.999
SDSS-II SN 4054,0.994,0,0,0,0,0,0,1,0,0.994
SDSS-II SN 4079,0.958,0,0,0,0,0,0,1,0,0.958
SDSS-II SN 4117,0.978,0,0,0,0,0,0,1,0,0.978
SDSS-II SN 4129,0.992,0,0,0,0,0,0,1,0,0.992
SDSS-II SN 4175,0,0,0,0,0,0,0,1,-1,-1
SDSS-II SN 4181,1,0,0,0,0,0,0,1,0,1
SDSS-II SN 4206,0.998,0,0,0,0,0,0,1,0,0.998
SDSS-II SN 4211,0.76,0,0,0,0,0,0,1,0,0.76
SDSS-II SN 4229,0.968,0,0,0,0,0,0,1,0,0.968
SDSS-II SN 4236,0.997,0,0,0,0,0,0,1,0,0.997
SDSS-II SN 4307,1,0,0,0,0,0,0,1,0,1
SDSS-II SN 4311,1,0,0,0,0,0,0,1,0,1
SDSS-II SN 4313,0.956,0,0,0,0,0,0,1,0,0.956
SDSS-II SN 4360,0,0,0,0,0,0,0,1,-1,-1
SDSS-II SN 4455,0.984,0,0,0,0,0,0,1,0,0.984
SDSS-II SN 4540,0.943,0,0,0,0,0,0,1,0,0.943
SDSS-II SN 4557,0.997,0,0,0,0,0,0,1,0,0.997
SDSS-II SN 4558,0.992,0,0,0,0,0,0,1,0,0.992
SDSS-II SN 4612,0.993,0,0,0,0,0,0,1,0,0.993
SDSS-II SN 4639,0.901,0,0,0,0,0,0,1,0,0.901
SDSS-II SN 4651,-1,0,0,0,0,0,0,1,0,-1
SDSS-II SN 4682,0.945,0,0,0,0,0,0,1,0,0.945
SDSS-II SN 4714,0.965,0,0,0,0,0,0,1,0,0.965
SDSS-II SN 4757,0.894,0,0,0,0,0,0,1,0,0.894
SDSS-II SN 4803,0.999,0,0,0,0,0,0,1,0,0.999
SDSS-II SN 4808,0.929,0,0,0,0,0,0,-1,0,0.929
SDSS-II SN 4857,0.998,0,0,0,0,0,0,1,0,0.998
SDSS-II SN 4978,1,0,0,0,0,0,0,1,0,1
SDSS-II SN 5178,0.994,0,0,0,0,0,0,1,0,0.994
SDSS-II SN 5199,1,0,0,0,0,0,0,1,0,1
SDSS-II SN 5209,0.993,0,0,0,0,0,0,1,0,0.993
SDSS-II SN 5230,0.999,0,0,0,0,0,0,1,0,0.999
SDSS-II SN 5247,0.983,0,0,0,0,0,0,-1,0,0.983
SDSS-II SN 5468,1,0,0,0,0,0,0,1,0,1
SDSS-II SN 5473,1,0,0,0,0,0,0,1,0,1
SDSS-II SN 5486,1,0,0,0,0,0,0,1,0,1
SDSS-II SN 5590,0.999,0,0,0,0,0,0,1,0,0.999
SDSS-II SN 5595,0.996,0,0,0,0,0,0,1,0,0.996
SDSS-II SN 5659,0.955,0,0,0,0,0,0,1,0,0.955
SDSS-II SN 5690,0.529,0,0,0,0,0,0,1,0,0.529
SDSS-II SN 5691,1,0,0,0,0,0,0,1,0,1
SDSS-II SN 5702,1,0,0,0,0,0,0,1,0,1
SDSS-II SN 5731,0.996,0,0,0,0,0,0,1,0,0.996
SDSS-II SN 5735,1,0,0,0,0,0,0,1,0,1
SDSS-II SN 5747,0.971,0,0,0,0,0,0,1,0,0.971
SDSS-II SN 5869,0.918,0,0,0,0,0,0,1,0,0.918
SDSS-II SN 5877,0,0,0,0,0,0,0,1,-1,-1
SDSS-II SN 5890,1,0,0,0,0,0,0,1,0,1
SDSS-II SN 5897,0.993,0,0,0,0,0,0,1,0,0.993
SDSS-II SN 5917,1,0,0,0,0,0,0,1,0,1
SDSS-II SN 5925,0.989,0,0,0,0,0,0,1,0,0.989
SDSS-II SN 5963,1,0,0,0,0,0,0,1,0,1
SDSS-II SN 5993,0.593,0,0,0,0,0,0,1,0,0.593
SDSS-II SN 6225,0.999,0,0,0,0,0,0,1,0,0.999
SDSS-II SN 6274,0,0,0,0,0,0,0,1,-1,-1
SDSS-II SN 6275,0.999,0,0,0,0,0,0,1,0,0.999
SDSS-II SN 6362,0.821,0,0,0,0,0,0,1,0,0.821
SDSS-II SN 6479,1,0,0,0,0,0,0,1,0,1
SDSS-II SN 6491,1,0,0,0,0,0,0,1,0,1
SDSS-II SN 6496,0.962,0,0,0,0,0,0,1,0,0.962
SDSS-II SN 6501,0.959,0,0,0,0,0,0,1,0,0.959
SDSS-II SN 6530,1,0,0,0,0,0,0,1,0,1
SDSS-II SN 6556,1,0,0,0,0,0,0,1,0,1
SDSS-II SN 6618,0.999,0,0,0,0,0,0,1,0,0.999
SDSS-II SN 6696,0.5,0,0,0,0,0,0,1,0,0.5
SDSS-II SN 6709,0.927,0,0,0,0,0,0,1,0,0.927
SDSS-II SN 6807,0.919,0,0,0,0,0,0,1,0,0.919
SDSS-II SN 6813,-1,0,0,0,0,0,0,-1,0,-1
SDSS-II SN 6816,0.917,0,0,0,0,0,0,1,0,0.917
SDSS-II SN 6831,1,0,0,0,0,0,0,1,0,1
SDSS-II SN 6851,1,0,0,0,0,0,0,1,0,1
SDSS-II SN 6861,-1,0,0,0,0,0,0,-1,0,-1
SDSS-II SN 6877,0,0,0,0,0,0,0,1,-1,-1
SDSS-II SN 6889,-1,0,0,0,0,0,0,-1,0,-1
SDSS-II SN 6895,1,0,0,0,0,0,0,1,0,1
SDSS-II SN 6896,0.91,0,0,0,0,0,0,1,0,0.91
SDSS-II SN 6913,0.993,0,0,0,0,0,0,1,0,0.993
SDSS-II SN 7051,1,0,0,0,0,0,0,1,0,1
SDSS-II SN 7056,0.994,0,0,0,0,0,0,1,0,0.994
SDSS-II SN 7099,1,0,0,0,0,0,0,1,0,1
SDSS-II SN 7194,0.976,0,0,0,0,0,0,1,0,0.976
SDSS-II SN 7195,0.934,0,0,0,0,0,0,1,0,0.934
SDSS-II SN 7365,0.961,0,0,0,0,0,0,1,0,0.961
SDSS-II SN 7373,1,0,0,0,0,0,0,1,0,1
SDSS-II SN 7374,0.998,0,0,0,0,0,0,1,0,0.998
SDSS-II SN 7413,0.968,0,0,0,0,0,0,1,0,0.968
SDSS-II SN 7457,1,0,0,0,0,0,0,1,0,1
SDSS-II SN 7479,1,0,0,0,0,0,0,1,0,1
SDSS-II SN 7502,0.985,0,0,0,0,0,0,1,0,0.985
SDSS-II SN 7600,1,0,0,0,0,0,0,1,0,1
SDSS-II SN 7644,1,0,0,0,0,0,0,1,0,1
SDSS-II SN 7699,0.919,0,0,0,0,0,0,1,0,0.919
SDSS-II SN 7701,0.865,0,0,0,0,0,0,1,0,0.865
SDSS-II SN 7713,0.764,0,0,0,0,0,0,1,0,0.764
SDSS-II SN 7717,0.998,0,0,0,0,0,0,1,0,0.998
SDSS-II SN 7736,0.999,0,0,0,0,0,0,1,0,0.999
SDSS-II SN 779,1,0,0,0,0,0,0,1,0,1
SDSS-II SN 7802,0.996,0,0,0,0,0,0,1,0,0.996
SDSS-II SN 7803,-1,0,0,0,0,0,0,-1,0,-1
SDSS-II SN 7824,1,0,0,0,0,0,0,1,0,1
SDSS-II SN 7835,0.997,0,0,0,0,0,0,1,0,0.997
SDSS-II SN 7884,0.981,0,0,0,0,0,0,1,0,0.981
SDSS-II SN 7954,1,0,0,0,0,0,0,1,0,1
SDSS-II SN 7986,0.975,0,0,0,0,0,0,1,0,0.975
SDSS-II SN 8004,0.98,0,0,0,0,0,0,1,0,0.98
SDSS-II SN 8092,1,0,0,0,0,0,0,1,0,1
SDSS-II SN 8114,0.906,0,0,0,0,0,0,1,0,0.906
SDSS-II SN 8160,0.86,0,0,0,0,0,0,1,0,0.86
SDSS-II SN 8165,0.979,0,0,0,0,0,0,1,0,0.979
SDSS-II SN 8216,0.999,0,0,0,0,0,0,1,0,0.999
SDSS-II SN 8226,0.954,0,0,0,0,0,0,1,0,0.954
SDSS-II SN 8254,1,0,0,0,0,0,0,1,0,1
SDSS-II SN 8280,1,0,0,0,0,0,0,1,0,1
SDSS-II SN 8290,0.993,0,0,0,0,0,0,1,0,0.993
SDSS-II SN 8307,0.943,0,0,0,0,0,0,1,0,0.943
SDSS-II SN 8421,0.787,0,0,0,0,0,0,1,0,0.787
SDSS-II SN 8605,-1,0,0,0,0,0,0,-1,0,-1
SDSS-II SN 8607,1,0,0,0,0,0,0,1,0,1
SDSS-II SN 8651,0.919,0,0,0,0,0,0,1,0,0.919
SDSS-II SN 8700,0.99,0,0,0,0,0,0,1,0,0.99
SDSS-II SN 8730,0.955,0,0,0,0,0,0,1,0,0.955
SDSS-II SN 8888,0.924,0,0,0,0,0,0,1,0,0.924
SDSS-II SN 8912,0.984,0,0,0,0,0,0,1,0,0.984
SDSS-II SN 893,1,0,0,0,0,0,0,1,0,1
SDSS-II SN 9020,0.446,0,0,0,0,0,0,1,0,0.446
SDSS-II SN 904,0,0,0,0,0,0,0,1,0,0
SDSS-II SN 9052,1,0,0,0,0,0,0,1,0,1
SDSS-II SN 9109,1,0,0,0,0,0,0,1,0,1
SDSS-II SN 9132,1,0,0,0,0,0,0,1,0,1
SDSS-II SN 9133,1,0,0,0,0,0,0,1,0,1
SDSS-II SN 9194,0,0,0,0,0,0,0,-1,0,0
SDSS-II SN 9239,0.994,0,0,0,0,0,0,1,0,0.994
SDSS-II SN 9268,-1,0,0,0,0,0,0,1,0,-1
SDSS-II SN 9326,0.999,0,0,0,0,0,0,1,0,0.999
SDSS-II SN 9424,-1,0,0,0,0,0,0,1,0,-1
SDSS-II SN 9558,0.947,0,0,0,0,0,0,1,0,0.947
SDSS-II SN 9594,0.995,0,0,0,0,0,0,1,0,0.995
SDSS-II SN 9704,0.941,0,0,0,0,0,0,1,0,0.941
SDSS-II SN 9817,1,0,0,0,0,0,0,1,0,1
SDSS-II SN 986,1,0,0,0,0,0,0,1,0,1
SDSS-II SN 9895,1,0,0,0,0,0,0,1,0,1
SDSS-II SN 9954,0.999,0,0,0,0,0,0,1,0,0.999
SN2003im,0,0,0,0,0,1,2,1,0,1
SN2003jk,0,0,0,0,0,1,1,1,0,1
SN2003jr,0,1,0,0,0,1,1,1,0,2
SN2003ju,0,1,0,0,0,1,2,1,0,2
SN2003kk,0,1,0,0,0,1,1,1,0,2
SN2003kl,0,1,0,0,0,1,2,1,0,2
SN2003lc,0,0,0,0,0,1,3,1,0,1
SN2003lf,0,1,0,0,0,1,2,1,0,2
SN2003lj,0,1,0,0,0,1,1,1,0,2
SN2004at,0,0,0,0,0,1,11,1,0,1
SN2004bj,0,0,0,0,0,1,2,1,0,1
SN2004bk,0,0,0,0,0,1,3,1,0,1
SN2004cn,0,0,0,0,0,1,0,1,0,1
SN2004co,0,0,0,0,0,1,0,1,0,1
SN2004ey,0,0,0,0,0,1,7,1,0,1
SN2004fd,0,0,0,0,0,1,3,1,0,1
SN2004fh,0,1,0,0,0,1,1,1,0,2
SN2004fi,0,1,0,0,0,1,1,1,0,2
SN2004fj,0,-1,0,0,0,1,1,-1,1,1
SN2004fk,0,1,0,0,0,1,1,1,0,2
SN2004fm,0,1,0,0,0,1,1,1,0,2
SN2004fu,0,0,0,0,0,1,12,1,0,1
SN2004gs,0,0,0,0,0,1,13,1,0,1
SN2004hd,0,1,0,0,0,1,1,1,0,2
SN2004hh,0,1,0,0,0,1,1,1,0,2
SN2004hk,0,0.5,0,0,0,1,1,1,0,1.5
SN2004ho,0,0,0,0,0,1,1,-1,-1,-1
SN2004hr,0,1,0,0,0,1,1,1,0,2
SN2004ia,0,0,0,0,0,1,0,1,0,1
SN2004id,0,0,0,0,0,1,0,1,0,1
SN2004ie,0,0,0,0,0,1,0,1,0,1
SN2004if,0,0,0,0,0,1,0,1,0,1
SN2004ig,0,0,0,0,0,1,0,1,0,1
SN2004ij,0,0,0,0,0,1,0,1,0,1
SN2004ik,0,0,0,0,0,1,0,1,0,1
SN2004il,0,0,0,0,0,1,0,1,0,1
SN2005A,0,0,0,0,0,1,13,1,0,1
SN2005G,0,0,0,0,0,1,4,1,0,1
SN2005S,0,0,0,0,0,1,0,1,0,1
SN2005ac,0,0,0,0,0,1,0,1,0,1
SN2005ca,0,0,0,0,0,1,0,1,0,1
SN2005cc,0,0,0,0,0,1,12,1,0,1
SN2005co,0,0,0,0,0,1,0,1,0,1
SN2005cr,0,0,0,0,0,1,1,1,0,1
SN2005dh,0,0,0,0,0,1,2,1,0,1
SN2005ed,1,0,0,0,0,1,0,1,0,2
SN2005ef,1,0,0,0,0,1,0,1,0,2
SN2005eg,1,0,0,0,0,1,0,1,0,2
SN2005eh,0,0,0,0,0,1,0,1,0,1
SN2005ej,0,0,0,0,0,1,6,1,0,1
SN2005eq,0,0,0,0,0,1,20,1,0,1
SN2005eu,0,0,0,0,0,1,11,1,0,1
SN2005ev,0,0,0,0,0,1,0,1,0,1
SN2005ex,1,0,0,0,0,1,0,1,0,2
SN2005fb,1,0,0,0,0,1,0,1,0,2
SN2005fe,1,0,0,0,0,1,0,1,0,2
SN2005ff,1,0,0,0,0,1,0,1,0,2
SN2005fh,1,0,0,0,0,1,0,1,0,2
SN2005fi,1,0,0,0,0,1,0,1,0,2
SN2005fn,1,0,0,0,0,1,0,1,0,2
SN2005fq,-1,0,0,0,0,1,0,-1,-1,-1
SN2005fr,1,1,0,0,0,1,2,1,0,3
SN2005ft,1,0,0,0,0,1,0,1,0,2
SN2005fv,1,0,0,0,0,1,0,1,0,2
SN2005fx,1,0,0,0,0,1,0,1,0,2
SN2005fy,1,0,0,0,0,1,0,1,0,2
SN2005fz,1,0,0,0,0,0,0,1,0,1
SN2005gc,1,0,0,0,0,1,0,1,0,2
SN2005ge,0.5,0,0,0,0,1,0,1,0,1.5
SN2005gf,1,0,0,0,0,1,0,1,0,2
SN2005gg,1,0,0,0,0,1,0,1,0,2
SN2005gh,0.5,0,0,0,0,1,0,1,0,1.5
SN2005gj,1,0,0,0,0,1,16,1,0,2
SN2005go,1,0,0,0,0,1,0,1,0,2
SN2005gq,1,0,0,0,0,1,0,1,0,2
SN2005gr,1,0,0,0,0,1,0,1,0,2
SN2005gs,1,0,0,0,0,1,0,1,0,2
SN2005gu,1,0,0,0,0,1,0,1,0,2
SN2005gx,1,0,0,0,0,1,0,1,0,2
SN2005hc,1,0,0,0,0,1,8,1,0,2
SN2005hj,1,0,0,0,0,1,11,1,0,2
SN2005hk,1,0,0,0,0,1,44,1,0,2
SN2005ho,1,0,0,0,0,1,0,1,0,2
SN2005hr,1,0,0,0,0,1,0,1,0,2
SN2005ht,1,0,0,0,0,1,0,1,0,2
SN2005hu,1,0,0,0,0,1,0,1,0,2
SN2005hv,1,0,0,0,0,1,0,1,0,2
SN2005hz,1,0,0,0,0,1,0,1,0,2
SN2005ia,1,0,0,0,0,1,0,1,0,2
SN2005id,1,0,0,0,0,1,0,1,0,2
SN2005ie,1,0,0,0,0,1,0,1,0,2
SN2005ih,1,0,0,0,0,1,0,1,0,2
SN2005ij,1,0,0,0,0,1,0,1,0,2
SN2005il,1,0,0,0,0,1,0,1,0,2
SN2005in,0,0,0,0,0,1,0,1,0,1
SN2005is,0.5,0,0,0,0,1,0,1,0,1.5
SN2005ix,1,0,0,0,0,1,0,1,0,2
SN2005ja,1,0,0,0,0,1,0,1,0,2
SN2005jc,1,0,0,0,0,1,0,1,0,2
SN2005jf,0.5,0,0,0,0,1,0,1,0,1.5
SN2005jh,1,0,0,0,0,1,0,1,0,2
SN2005jj,0.5,0,0,0,0,1,0,1,0,1.5
SN2005jk,1,0,0,0,0,1,0,1,0,2
SN2005jn,1,0,0,0,0,1,0,1,0,2
SN2005jo,1,0,0,0,0,1,0,1,0,2
SN2005jp,1,0,0,0,0,1,0,1,0,2
SN2005jr,-1,0,0,0,0,1,0,-1,-1,-1
SN2005js,1,0,0,0,0,1,0,1,0,2
SN2005jw,1,0,0,0,0,1,0,1,0,2
SN2005jz,1,0,0,0,0,1,0,1,0,2
SN2005ka,1,0,0,0,0,1,0,1,0,2
SN2005kc,0,0,0,0,0,1,12,1,0,1
SN2005ke,0,0,0,0,0,1,30,1,0,1
SN2005ko,1,0,0,0,0,1,0,1,0,2
SN2005kq,1,0,0,0,0,1,0,1,0,2
SN2005kt,0.5,0,0,0,0,1,0,1,0,1.5
SN2005ky,0,0,0,0,1,1,3,1,0,2
SN2005le,1,0,0,0,0,1,0,1,0,2
SN2005lh,1,0,0,0,0,1,0,1,0,2
SN2005lj,1,0,0,0,0,1,0,1,0,2
SN2005ln,1,0,0,0,0,1,0,1,0,2
SN2005lp,1,0,0,0,0,1,0,1,0,2
SN2005mc,0,0,0,0,0,1,4,1,0,1
SN2005ml,1,0,0,0,0,1,0,1,0,2
SN2005mn,-1,0,0,0,0,1,0,-1,-1,-1
SN2005mo,1,0,0,0,0,1,0,-1,0,2
SN2005mp,1,0,0,0,0,1,0,1,0,2
SN2005mq,1,0,0,0,0,1,0,1,0,2
SN2006D,0,0,0,0,0,1,31,1,0,1
SN2006E,0,0,0,0,0,1,4,1,0,1
SN2006P,0,0,0,0,0,1,1,-1,0,1
SN2006X,0,0,0,0,0,1,85,1,0,1
SN2006Z,0,0,0,0,0,1,0,1,0,1
SN2006af,0,0,0,0,0,1,0,1,0,1
SN2006ap,0,0,0,0,0,1,1,1,0,1
SN2006ax,0,0,0,0,0,1,15,1,0,1
SN2006bb,0,0,0,0,0,1,1,1,0,1
SN2006bk,0,0,0,0,0,1,2,1,0,1
SN2006bm,0,0,0,0,0,1,1,1,0,1
SN2006br,0,0,0,0,0,1,5,1,0,1
SN2006bt,0,0,0,0,0,0,14,1,1,1
SN2006bu,0,0,0,0,0,1,2,1,0,1
SN2006bz,0,0,0,0,0,1,4,1,0,1
SN2006cc,0,0,0,0,0,1,2,1,0,1
SN2006cg,0,0,0,0,0,1,0,1,0,1
SN2006ch,0,0,0,0,0,1,2,1,0,1
SN2006cz,0,0,0,0,0,1,8,1,0,1
SN2006dd,0,0,0,0,0,1,8,1,0,1
SN2006dm,0,0,0,0,0,1,5,1,0,1
SN2006eb,1,0,0,0,0,1,2,1,0,2
SN2006ef,0,0,0,0,0,1,7,1,0,1
SN2006en,0,0,0,0,0,1,3,1,0,1
SN2006eq,1,0,0,0,0,1,3,1,0,2
SN2006er,1,0,0,0,0,1,1,1,0,2
SN2006eu,0,0,0,0,0,1,3,1,0,1
SN2006ex,1,0,0,0,0,1,1,1,0,2
SN2006fb,0,0,0,0,0,1,1,1,0,1
SN2006fc,1,0,0,0,0,1,1,1,0,2
SN2006fd,1,0,0,0,0,1,1,1,0,2
SN2006fe,-1,0,0,0,0,0,1,-1,0,-1
SN2006ff,1,0,0,0,0,1,0,1,0,2
SN2006fk,1,0,0,0,0,1,1,1,0,2
SN2006fl,1,0,0,0,0,1,1,1,0,2
SN2006fm,1,0,0,0,0,1,2,1,0,2
SN2006fn,1,0,0,0,0,1,1,1,0,2
SN2006fr,1,0,0,0,0,1,0,1,0,2
SN2006fu,1,0,0,0,0,1,1,1,0,2
SN2006fv,1,0,0,0,0,1,1,1,0,2
SN2006fw,1,0,0,0,0,1,5,1,0,2
SN2006ga,0.5,0,0,0,0,0.5,1,0.5,1,2
SN2006ge,1,0,0,0,0,1,0,1,0,2
SN2006gf,0.5,0,0,0,0,1,0,1,0,1.5
SN2006gg,1,0,0,0,0,1,0,1,0,2
SN2006gh,1,0,0,0,0,1,0,1,0,2
SN2006gl,1,0,0,0,0,1,0,1,0,2
SN2006go,1,0,0,0,0,1,0,1,0,2
SN2006gt,0,0,0,0,0,1,9,1,0,1
SN2006gv,1,0,0,0,0,1,0,1,0,2
SN2006gw,0.5,0,0,0,0,1,0,1,0,1.5
SN2006hb,0,0,0,0,0,1,23,1,0,1
SN2006hc,1,0,0,0,0,1,0,1,0,2
SN2006hd,1,0,0,0,0,1,0,1,0,2
SN2006he,1,0,0,0,0,1,0,1,0,2
SN2006hl,1,0,0,0,0,1,1,1,0,2
SN2006hm,1,0,0,0,0,1,0,1,0,2
SN2006hn,0,0,0,0,0,1,1,1,0,1
SN2006hp,1,0,0,0,0,1,0,1,0,2
SN2006hq,0.5,0,0,0,0,1,0,1,0,1.5
SN2006hr,1,0,0,0,0,1,0,1,0,2
SN2006ht,1,0,0,0,0,1,0,1,0,2
SN2006hu,1,0,0,0,0,1,0,1,0,2
SN2006hy,1,0,0,0,0,1,1,1,0,2
SN2006ib,1,0,0,0,0,1,0,1,0,2
SN2006iy,1,0,0,0,0,1,0,1,0,2
SN2006iz,1,0,0,0,0,1,0,1,0,2
SN2006jg,1,0,0,0,0,1,0,1,0,2
SN2006jh,1,0,0,0,0,1,1,1,0,2
SN2006jm,1,0,0,0,0,1,0,1,0,2
SN2006jr,1,0,0,0,0,1,1,1,0,2
SN2006js,1,0,0,0,0,1,1,1,0,2
SN2006jt,1,0,0,0,0,1,1,1,0,2
SN2006ju,0.5,0,0,0,0,1,1,1,0,1.5
SN2006jw,1,0,0,0,0,1,1,1,0,2
SN2006jy,1,0,0,0,0,1,1,1,0,2
SN2006jz,1,0,0,0,0,1,1,1,0,2
SN2006ka,1,0,0,0,0,1,0,1,0,2
SN2006kd,1,0,0,0,0,1,1,1,0,2
SN2006kj,1,0,0,0,0,1,1,1,0,2
SN2006kk,1,0,0,0,0,1,0,1,0,2
SN2006ko,0.5,0,0,0,0,1,0,1,0,1.5
SN2006kp,0.5,0,0,0,0,1,0,1,0,1.5
SN2006kq,1,0,0,0,0,1,1,1,0,2
SN2006kr,1,0,0,0,0,1,0,1,0,2
SN2006ku,1,0,0,0,0,1,0,1,0,2
SN2006kx,1,0,0,0,0,1,0,1,0,2
SN2006lb,1,0,0,0,0,1,0,1,0,2
SN2006lj,1,0,0,0,0,1,0,1,0,2
SN2006ll,1,0,0,0,0,1,0,1,0,2
SN2006lo,1,0,0,0,0,1,0,1,0,2
SN2006lp,1,0,0,0,0,1,1,1,0,2
SN2006lq,1,0,0,0,0,1,0,1,0,2
SN2006lw,0,1,0,0,0,1,1,1,0,2
SN2006ly,0,0.5,0,0,0,1,1,1,0,1.5
SN2006mr,0,0,0,0,0,1,15,1,0,1
SN2006mt,1,0,0,0,0,1,0,1,0,2
SN2006mw,0.5,0,0,0,0,1,0,1,0,1.5
SN2006na,1,0,0,0,0,1,0,1,0,2
SN2006nb,1,0,0,0,0,1,0,1,0,2
SN2006nc,1,0,0,0,0,1,1,1,0,2
SN2006nd,1,0,0,0,0,1,3,1,0,2
SN2006nf,1,0,0,0,0,1,0,1,0,2
SN2006ng,1,0,0,0,0,1,0,1,0,2
SN2006ni,1,0,0,0,0,1,0,1,0,2
SN2006nj,1,0,0,0,0,1,0,1,0,2
SN2006nk,1,0,0,0,0,1,0,1,0,2
SN2006nl,1,0,0,0,0,1,0,1,0,2
SN2006nn,1,0,0,0,0,1,0,1,0,2
SN2006np,1,0,0,0,0,1,3,1,0,2
SN2006nu,1,0,0,0,0,1,0,1,0,2
SN2006nv,1,0,0,0,0,1,0,1,0,2
SN2006nz,1,0,0,0,0,1,3,1,0,2
SN2006oc,0.5,0,0,0,0,1,0,1,0,1.5
SN2006od,1,0,0,0,0,1,0,1,0,2
SN2006oe,1,0,0,0,0,1,0,1,0,2
SN2006of,1,0,0,0,0,1,0,1,0,2
SN2006oi,1,0,0,0,0,1,0,1,0,2
SN2006oj,1,0,0,0,0,1,0,1,0,2
SN2006ok,1,0,0,0,0,1,0,1,0,2
SN2006ol,1,0,0,0,0,1,0,1,0,2
SN2006oy,0.5,0,0,0,0,1,0,1,0,1.5
SN2006pa,1,0,0,0,0,1,0,1,0,2
SN2006pb,1,0,0,0,0,1,0,1,0,2
SN2006pd,1,0,0,0,0,1,0,1,0,2
SN2006pe,1,0,0,0,0,1,1,1,0,2
SN2006pi,1,0,0,0,0,1,0,1,0,2
SN2006pj,1,0,0,0,0,1,0,1,0,2
SN2006pk,1,0,0,0,0,1,1,1,0,2
SN2006pl,1,0,0,0,0,1,1,1,0,2
SN2006pm,1,0,0,0,0,1,0,1,0,2
SN2006pn,1,0,0,0,0,1,1,1,0,2
SN2006pp,1,0,0,0,0,1,0,1,0,2
SN2006pq,1,0,0,0,0,1,0,1,0,2
SN2006pr,1,0,0,0,0,1,3,1,0,2
SN2006ps,1,0,0,0,0,1,2,1,0,2
SN2006pt,1,0,0,0,0,1,0,1,0,2
SN2006pw,1,0,0,0,0,1,0,1,0,2
SN2006px,1,0,0,0,0,1,0,1,0,2
SN2006py,1,0,0,0,0,1,4,1,0,2
SN2006qa,1,0,0,0,0,1,0,1,0,2
SN2006qb,1,0,0,0,0,1,0,1,0,2
SN2006qd,1,0,0,0,0,1,0,1,0,2
SN2006qg,1,0,0,0,0,1,1,1,0,2
SN2006qh,1,0,0,0,0,1,1,1,0,2
SN2006rd,0,0,0,0,0,1,0,1,0,1
SN2006ro,0,0,0,0,0,1,0,1,0,1
SN2006rz,0,0,0,0,0,1,1,1,0,1
SN2006sb,0,1,0,0,0,1,1,1,0,2
SN2006sd,0,1,0,0,0,1,1,1,0,2
SN2006sg,0,1,0,0,0,-1,1,-1,-1,-1
SN2006sh,0,-1,0,0,0,1,1,-1,-1,-1
SN2006sk,0,1,0,0,0,1,1,1,0,2
SN2006sn,0,1,0,0,0,1,2,1,0,2
SN2006so,0,1,0,0,0,1,1,1,0,2
SN2006sq,0,1,0,0,0,1,2,1,0,2
SN2006sr,0,0,0,0,0,1,8,1,0,1
SN2006su,0,0,0,0,0,1,2,1,0,1
SN2006sw,1,0,0,0,0,1,0,1,0,2
SN2006sx,1,0,0,0,0,1,1,1,0,2
SN2006sy,1,0,0,0,0,1,1,1,0,2
SN2006sz,0.5,0,0,0,0,1,0,1,0,1.5
SN2006ta,1,0,0,0,0,1,0,1,0,2
SN2006tb,1,0,0,0,0,1,0,1,0,2
SN2006tk,0,1,0,0,0,1,3,1,0,2
SN2006tl,0,1,0,0,0,1,1,1,0,2
SN2006tm,0,1,0,0,0,1,1,1,0,2
SN2006tu,0,1,0,0,0,1,1,1,0,2
SN2006tw,0,1,0,0,0,1,1,1,0,2
SN2006ty,0,1,0,0,0,1,1,1,0,2
SN2007N,0,0,0,0,0,1,7,1,0,1
SN2007R,0,0,0,0,0,1,1,1,0,1
SN2007S,0,0,0,0,0,1,34,1,0,1
SN2007ae,0,0,0,0,0,1,2,1,0,1
SN2007al,0,0,0,0,0,1,13,1,0,1
SN2007ao,0,0,0,0,0,1,5,1,0,1
SN2007ar,0,0,0,0,0,1,0,1,0,1
SN2007au,0,0,0,0,0,1,6,1,0,1
SN2007ax,0,0,0,0,0,1,8,1,0,1
SN2007bj,0,0,0,0,0,1,10,1,0,1
SN2007cj,0,0,0,0,0,1,1,1,0,1
SN2007cv,0,0,0,0,0,1,0,1,0,1
SN2007cz,0,0,0,0,0,1,0,1,0,1
SN2007da,0,0,0,0,0,1,0,1,0,1
SN2007dd,0,0,0,0,0,1,0,1,0,1
SN2007de,0,0,0,0,0,1,0,1,0,1
SN2007dh,0,0,0,0,0,1,0,1,0,1
SN2007di,0,0,0,0,0,1,0,1,0,1
SN2007dj,0,0,0,0,0,1,0,1,0,1
SN2007do,0,0,0,0,0,1,0,1,0,1
SN2007dr,0,0,0,0,0,1,0,1,0,1
SN2007ds,0,0,0,0,0,1,0,1,0,1
SN2007du,0,0,0,0,0,1,0,1,0,1
SN2007dx,0,0,0,0,0,1,0,1,0,1
SN2007ev,0,0,0,0,0,1,0,1,0,1
SN2007fd,0,0,0,0,0,1,0,1,0,1
SN2007fq,0,0,0,0,0,1,1,1,0,1
SN2007fr,1,0,0,0,0,1,2,1,0,2
SN2007fs,0,0,0,0,0,1,14,1,0,1
SN2007fu,0,0,0,0,0,1,0,1,0,1
SN2007gi,0,0,0,0,0,1,5,1,0,1
SN2007gt,1,0,0,0,0,1,0,1,0,2
SN2007ht,1,0,0,0,0,1,0,1,0,2
SN2007hx,1,0,0,0,0,1,0,1,0,2
SN2007hy,1,0,0,0,0,1,0,1,0,2
SN2007ia,1,0,0,0,0,1,0,1,0,2
SN2007ic,1,0,0,0,0,1,0,1,0,2
SN2007ie,1,0,0,0,0,0.5,1,1,0,1.5
SN2007ij,1,0,0,0,0,1,0,1,0,2
SN2007ik,1,0,0,0,0,1,0,1,0,2
SN2007im,0,0,0,0,0,1,0,1,0,1
SN2007ip,0,0,0,0,0,1,0,1,0,1
SN2007is,0,0,0,0,0,1,4,1,0,1
SN2007ix,1,0,0,0,0,1,1,1,0,2
SN2007iy,1,0,0,0,0,1,0,1,0,2
SN2007jb,1,0,0,0,0,1,1,1,0,2
SN2007jc,-1,0,0,0,0,-1,1,-1,0,-2
SN2007je,1,0,0,0,0,1,1,1,0,2
SN2007jg,1,0,0,0,0,1,11,1,0,2
SN2007jh,-1,0,0,0,0,1,2,1,1,1
SN2007jj,1,0,0,0,0,1,1,1,0,2
SN2007jk,1,0,0,0,0,1,1,1,0,2
SN2007jo,1,0,0,0,0,1,1,1,0,2
SN2007jp,1,0,0,0,0,1,1,1,0,2
SN2007jq,1,0,0,0,0,1,1,1,0,2
SN2007jr,1,0,0,0,0,1,0,1,0,2
SN2007jt,1,0,0,0,0,1,1,1,0,2
SN2007ju,1,0,0,0,0,-1,1,-1,1,1
SN2007jv,0,0,0,0,0,0.5,1,1,0,0.5
SN2007jw,1,0,0,0,0,1,1,1,0,2
SN2007jy,-1,0,0,0,0,-1,1,-1,0,-2
SN2007jz,1,0,0,0,0,1,1,1,0,2
SN2007kb,1,0,0,0,0,1,1,1,0,2
SN2007kd,0,0,0,0,0,1,2,1,0,1
SN2007kp,1,0,0,0,0,1,0,1,0,2
SN2007kq,1,0,0,0,0,1,0,1,0,2
SN2007kr,1,0,0,0,0,0.5,0,1,0,1.5
SN2007ku,1,0,0,0,0,1,0,1,0,2
SN2007kx,1,0,0,0,0,1,0,1,0,2
SN2007la,1,0,0,0,0,1,0,1,0,2
SN2007lc,1,0,0,0,0,1,0,1,0,2
SN2007le,0,0,0,0,0,1,58,1,0,1
SN2007lf,1,0,0,0,0,1,1,1,0,2
SN2007lg,1,0,0,0,0,1,0,1,0,2
SN2007lh,1,0,0,0,0,1,1,1,0,2
SN2007li,1,0,0,0,0,1,0,1,0,2
SN2007lk,1,0,0,0,0,0.5,0,1,0,1.5
SN2007lm,1,0,0,0,0,1,1,1,0,2
SN2007lo,1,0,0,0,0,1,0,1,0,2
SN2007lp,1,0,0,0,0,1,0,1,0,2
SN2007lt,1,0,0,0,0,1,0,1,0,2
SN2007lv,0,0,0,0,0,0.5,0,1,-1,-1
SN2007ly,1,0,0,0,0,1,0,1,0,2
SN2007ma,1,0,0,0,0,1,1,1,0,2
SN2007mc,1,0,0,0,0,1,0,1,0,2
SN2007me,1,0,0,0,0,-1,1,1,0,0
SN2007mf,1,0,0,0,0,1,1,1,0,2
SN2007mh,1,0,0,0,0,1,0,1,0,2
SN2007mi,1,0,0,0,0,1,0,1,0,2
SN2007mk,1,0,0,0,0,1,1,1,0,2
SN2007mm,1,0,0,0,0,1,0,1,0,2
SN2007mo,1,0,0,0,0,1,1,1,0,2
SN2007mp,1,0,0,0,0,1,2,1,0,2
SN2007mt,0.5,0,0,0,0,0.5,0,1,-1,-1
SN2007mu,1,0,0,0,0,1,0,1,0,2
SN2007mv,1,0,0,0,0,1,1,1,0,2
SN2007mw,1,0,0,0,0,1,0,1,0,2
SN2007mx,1,0,0,0,0,1,0,1,0,2
SN2007my,1,0,0,0,0,1,0,1,0,2
SN2007mz,1,0,0,0,0,1,1,1,0,2
SN2007na,1,0,0,0,0,1,0,1,0,2
SN2007nb,1,0,0,0,0,1,1,1,0,2
SN2007nd,1,0,0,0,0,1,0,1,0,2
SN2007ne,1,0,0,0,0,1,1,1,0,2
SN2007nf,1,0,0,0,0,1,1,1,0,2
SN2007ng,0.5,0,0,0,0,1,0,1,0,1.5
SN2007nq,0,0,0,0,0,1,16,1,0,1
SN2007nz,0.5,0,0,0,0,0.5,0,1,-1,-1
SN2007oh,1,0,0,0,0,1,0,1,0,2
SN2007oi,1,0,0,0,0,0.5,0,1,0,1.5
SN2007oj,1,0,0,0,0,1,0,1,0,2
SN2007ol,1,0,0,0,0,1,1,1,0,2
SN2007om,1,0,0,0,0,1,0,1,0,2
SN2007on,0,0,0,0,0,1,32,1,0,1
SN2007oq,0.5,0,0,0,0,0.5,0,1,-1,-1
SN2007os,0.5,0,0,0,0,0.5,0,1,-1,-1
SN2007ot,1,0,0,0,0,1,0,1,0,2
SN2007ox,0.5,0,0,0,0,0.5,0,1,-1,-1
SN2007oy,1,0,0,0,0,1,0,1,0,2
SN2007oz,1,0,0,0,0,1,0,1,0,2
SN2007pb,1,0,0,0,0,1,0,1,0,2
SN2007pc,1,0,0,0,0,1,0,1,0,2
SN2007pe,1,0,0,0,0,1,0,1,0,2
SN2007pf,1,0,0,0,0,1,1,1,0,2
SN2007pi,1,0,0,0,0,1,0,1,0,2
SN2007pj,1,0,0,0,0,1,0,1,0,2
SN2007pn,0.5,0,0,0,0,0.5,0,1,-1,-1
SN2007pq,1,0,0,0,0,1,0,1,0,2
SN2007pr,1,0,0,0,0,1,0,1,0,2
SN2007ps,1,0,0,0,0,1,0,1,0,2
SN2007pt,1,0,0,0,0,1,0,1,0,2
SN2007pu,1,0,0,0,0,1,1,1,0,2
SN2007pv,1,0,0,0,0,1,0,1,0,2
SN2007px,1,0,0,0,0,1,2,1,0,2
SN2007py,1,0,0,0,0,1,0,1,0,2
SN2007pz,1,0,0,0,0,1,0,1,0,2
SN2007qa,1,0,0,0,0,1,2,1,0,2
SN2007qd,1,0,0,0,0,1,1,1,0,2
SN2007qe,0,0,0,0,0,1,13,1,0,1
SN2007qf,1,0,0,0,0,1,1,1,0,2
SN2007qg,1,0,0,0,0,1,1,1,0,2
SN2007qh,1,0,0,0,0,1,1,1,0,2
SN2007qi,1,0,0,0,0,1,1,1,0,2
SN2007qj,1,0,0,0,0,1,1,1,0,2
SN2007qk,1,0,0,0,0,1,0,1,0,2
SN2007ql,1,0,0,0,0,1,1,1,0,2
SN2007qo,1,0,0,0,0,1,1,1,0,2
SN2007qr,1,0,0,0,0,1,0,1,0,2
SN2007qs,1,0,0,0,0,1,1,1,0,2
SN2007qt,1,0,0,0,0,1,0,1,0,2
SN2007qu,1,0,0,0,0,1,0,1,0,2
SN2007qy,1,0,0,0,0,1,1,1,0,2
SN2007qz,1,0,0,0,0,1,1,1,0,2
SN2007ra,1,0,0,0,0,1,3,1,0,2
SN2007rd,0.5,0,0,0,0,0.5,1,1,-1,-1
SN2007re,1,0,0,0,0,1,1,1,0,2
SN2007rf,1,0,0,0,0,1,1,1,0,2
SN2007rg,0,0,0,0,0,0.5,3,1,-1,-1
SN2007rh,1,0,0,0,0,0.5,2,1,0,1.5
SN2007ri,1,0,0,0,0,1,2,1,0,2
SN2007rj,0,0,0,0,0,1,2,1,0,1
SN2007rk,1,0,0,0,0,1,0,1,0,2
SN2007rl,1,0,0,0,0,1,1,1,0,2
SN2007rm,1,0,0,0,0,1,0,1,0,2
SN2007rn,1,0,0,0,0,1,1,1,0,2
SN2007ro,1,0,0,0,0,1,1,1,0,2
SN2007rp,1,0,0,0,0,1,1,1,0,2
SN2007rv,0,0,0,0,0,1,0,1,0,1
SN2007sb,1,0,0,0,0,1,0,1,0,2
SN2007sc,1,0,0,0,0,1,0,1,0,2
SN2007se,1,0,0,0,0,1,1,1,0,2
SN2007sf,1,0,0,0,0,1,1,1,0,2
SN2007sg,1,0,0,0,0,1,1,1,0,2
SN2007sl,1,0,0,0,0,1,1,1,0,2
SN2007sn,1,0,0,0,0,1,1,1,0,2
SN2007sp,0,0,0,0,0,1,0,1,0,1
SN2007sr,0,0,0,0,0,1,35,1,0,1
SN2007tf,0.966,1,0,0,0,1,1,1,0,2.966
SN2007tl,0,1,0,0,0,1,1,1,0,2
SN2007tq,0,1,0,0,0,1,2,1,0,2
SN2007tr,0.999,0.5,0,0,0,1,0,1,0,2.499
SN2007ts,0.999,1,0,0,0,1,1,1,0,2.999
SN2007tt,0.995,1,0,0,0,1,3,1,0,2.995
SN2007tv,0,1,0,0,0,1,1,1,0,2
SN2007ui,0,1,0,0,0,1,1,1,0,2
SN2007uj,0,1,0,0,0,1,1,1,0,2
SN2007um,0,1,0,0,0,1,1,1,0,2
SN2007un,0,1,0,0,0,1,4,1,0,2
SN2007uo,0,1,0,0,0,1,1,1,0,2
SN2007ur,0,0.5,0,0,0,1,1,1,0,1.5
SN2007ut,0,1,0,0,0,1,1,1,0,2
SN2007uw,0,0,0,0,0,1,0,1,0,1
SN2007ux,0,0,0,0,0,1,8,1,0,1
SN2008J,0,0,0,0,0,-1,16,-1,99,99
SN2008ac,0,0,0,0,0,0,0,1,1,1
SN2008ae,0,0,0,0,0,1,9,1,0,1
SN2008af,0,0,0,0,0,1,3,1,0,1
SN2008ah,0,0,0,0,0,1,0,1,0,1
SN2008ar,0,0,0,0,0,1,35,1,0,1
SN2008bg,0,0,0,0,0,1,1,1,0,1
SN2008bi,0,0,0,0,0,1,1,1,0,1
SN2008ca,0,0,0,0,0,0,1,1,1,1
SN2008cj,0,0,0,0,0,1,0,1,0,1
SN2008cl,0,0,0,0,0,1,1,1,0,1
SN2008cr,0,0,0,0,0,1,0,1,0,1
SN2008dh,0,0,0,0,0,1,2,1,0,1
SN2008dm,0,0,0,0,0,0,0,1,1,1
SN2008dr,0,0,0,0,0,1,5,1,0,1
SN2008ds,0,0,0,0,0,1,11,1,0,1
SN2008dx,0,0,0,0,0,1,4,1,0,1
SN2008ee,0,0,0,0,0,1,3,1,0,1
SN2008fj,0,0,0,0,0,1,1,1,0,1
SN2008hd,0,0,0,0,0,1,0,1,0,1
SN2008hr,0,0,0,0,0,1,1,1,0,1
SN2008hv,0,0,0,0,0,1,15,1,0,1
SN2008hz,0,0,0,0,0,1,1,1,0,1
SN2008iq,0,0,0,0,0,1,0,1,0,1
SN2008ir,0,0,0,0,0,1,0,1,0,1
SN2008s1,0,0,0,0,0,1,20,1,0,1
SN2009L,0,0,0,0,0,1,0,1,0,1
SN2009an,0,0,0,0,0,1,0,1,0,1
SN2009as,0,0,0,0,0,1,0,1,0,1
SN2009cj,0,0,0,0,0,0,0,1,1,1
SN2009cn,0,0,0,0,0,0,0,1,1,1
SN2009cp,0,0,0,0,0,0,0,1,1,1
SN2009cs,0,0,0,0,0,0,0,1,1,1
SN2009cu,0,0,0,0,0,0,0,1,1,1
SN2009cx,0,0,0,0,0,0,0,1,1,1
SN2009cz,0,0,0,0,0,1,0,1,0,1
SN2009dg,0,0,0,0,0,0,0,1,1,1
SN2009dk,0,0,0,0,0,0,0,1,1,1
SN2009dl,0,0,0,0,0,1,0,1,0,1
SN2009du,0,0,0,0,0,0,0,1,1,1
SN2009eh,0,0,0,0,0,0,0,1,1,1
SN2009eu,0,0,0,0,0,1,0,1,0,1
SN2009ey,0,0,0,0,0,1,0,1,0,1
SN2009ez,0,0,0,0,0,1,0,1,0,1
SN2009fc,0,0,0,0,0,1,0,1,0,1
SN2009fh,0,0,0,0,0,1,0,1,0,1
SN2009fj,0,0,0,0,0,1,0,1,0,1
SN2009fk,-1,0,0,0,0,1,0,1,1,1
SN2009fl,0,0,0,0,0,-1,0,-1,0,-1
SN2009gb,0,0,0,0,0,1,0,1,0,1
SN2009gf,0,0,0,0,0,1,0,1,0,1
SN2009hn,0,0,0,0,0,1,0,1,0,1
SN2009iv,0,0,0,0,0,1,0,1,0,1
SN2009iy,0,0,0,0,0,1,0,1,0,1
SN2009jo,0,0,0,0,0,1,0,1,0,1
SN2009ko,0,0,0,0,0,1,0,1,0,1
SN2009ks,0,0,1,1,0,1,0,1,0,3
SN2009kt,0,0,1,1,0,1,0,1,0,3
SN2009ku,0,0,0,1,0,1,0,1,0,2
SN2009kv,0,0,1,1,0,1,0,1,0,3
SN2009kw,0,0,0,1,0,1,0,1,0,2
SN2009kx,0,0,0,1,0,1,0,1,0,2
SN2009ky,0,0,0,1,0,1,0,1,0,2
SN2009kz,0,0,1,1,0,1,0,1,0,3
SN2009ly,0,0,0,0,0,1,1,1,0,1
SN2009ml,0,0,0,0,0,0,0,1,1,1
SN2009ms,0,0,0,0,0,0,0,1,1,1
SN2010ai,0,0,0,0,0,1,1,1,0,1
SN2010ar,0,0,1,1,0,1,0,1,0,3
SN2010bb,0,0,0,1,0,1,0,1,0,2
SN2010bu,0,0,0,0,0,1,0,1,0,1
SN2010dl,0,0,0,0,0,1,0,1,0,1
SN2010ex,0,0,0,0,0,1,0,1,0,1
SN2010fa,0,0,0,0,0,1,0,1,0,1
SN2010fb,0,0,1,1,0,1,0,1,0,3
SN2010fc,0,0,1,1,0,1,0,1,0,3
SN2010fe,0,0,1,1,0,1,0,1,0,3
SN2010fh,0,0,1,1,0,1,0,1,0,3
SN2010fn,0,0,1,1,0,1,0,1,0,3
SN2010fs,0,0,1,1,0,1,0,1,0,3
SN2010kn,0,0,0,0,0,1,0,1,0,1
SN2011H,0,0,0,0,0,1,0,1,0,1
SN2011ad,0,0,0,0,0,1,0,1,0,1
SN2011cx,0,0,0,0,0,1,0,1,0,1
SN2011dp,0,0,0,0,0,1,0,1,0,1
SN2011fw,0,0,0,0,0,1,1,1,0,1
SNF20080322-001,0,0,0,0,0,1,0,1,0,1
SNF20080322-003,0,0,0,0,0,1,0,1,0,1
SNF20080323-009,0,0,0,0,0,1,0,1,0,1
SNF20080623-007,0,0,0,0,0,1,0,1,0,1
SNF20080919-002,0,0,0,0,0,1,0,1,0,1
SNLS-03D1dj,0,0,0,0,1,1,1,1,0,2
SNLS-03D1fb,0,0,0,0,0,1,0,1,0,1
SNLS-03D1fc,0,0,0,0,1,1,1,1,0,2
SNLS-04D1dc,0,0,0,0,1,0,1,1,0,1
SNLS-04D1hd,0,0,0,0,1,0,2,1,0,1
SNLS-04D1rh,0,0,0,0,1,0,2,1,0,1
SNLS-04D2bt,0,0,0,0,1,1,1,1,0,2
SNLS-04D2cf,0,0,0,0,1,1,1,1,0,2
SNLS-04D2fp,0,0,0,0,1,1,1,1,0,2
SNLS-04D2fs,0,0,0,0,1,1,1,1,0,2
SNLS-04D2gb,0,0,0,0,1,1,0,1,0,2
SNLS-04D2mc,0,0,0,0,1,0,1,1,0,1
SNLS-04D3bf,0,0,0,0,1,1,1,1,0,2
SNLS-04D3df,0,0,0,0,1,1,0,1,0,2
SNLS-04D3ez,0,0,0,0,1,1,1,1,0,2
SNLS-04D3fk,0,0,0,0,1,1,1,1,0,2
SNLS-04D3gt,0,0,0,0,1,1,0,1,0,2
SNLS-04D3nh,0,0,0,0,1,1,1,1,0,2
SNLS-04D3nq,0,0,0,0,1,1,1,1,0,2
SNLS-04D4gz,0,0,0,0,1,0,2,1,0,1
SNLS-05D1by,0,0,0,0,1,0,1,1,0,1
SNLS-05D1ej,0,0,0,0,1,0,1,1,0,1
SNLS-05D1hk,0,0,0,0,1,0,2,1,0,1
SNLS-05D1ix,0,0,0,0,1,0,1,1,0,1
SNLS-05D1iy,0,0,0,0,1,0,1,1,0,1
SNLS-05D2ab,0,0,0,0,1,0,1,1,0,1
SNLS-05D2ac,0,0,0,0,1,0,1,1,0,1
SNLS-05D2ah,0,0,0,0,1,0,1,1,0,1
SNLS-05D2bv,0,0,0,0,1,0,1,1,0,1
SNLS-05D2cb,0,0,0,0,1,0,1,1,0,1
SNLS-05D2dw,0,0,0,0,1,0,1,1,0,1
SNLS-05D2ei,0,0,0,0,1,0,1,1,0,1
SNLS-05D2hc,0,0,0,0,1,0,0,1,0,1
SNLS-05D2ie,0,0,0,0,1,0,1,1,0,1
SNLS-05D2ja,0,0,0,0,1,0,1,1,0,1
SNLS-05D2mp,0,0,0,0,1,0,1,1,0,1
SNLS-05D3dd,0,0,0,0,1,0,0,1,0,1
SNLS-05D3jr,0,0,0,0,1,0,0,1,0,1
SNLS-05D3kx,0,0,0,0,1,0,0,1,0,1
SNLS-05D3lc,0,0,0,0,1,0,0,1,0,1
SNLS-05D3mq,0,0,0,0,1,0,1,1,0,1
SNLS-05D3ne,0,0,0,0,1,0,1,1,0,1
SNLS-05D4af,0,0,0,0,1,0,1,1,0,1
SNLS-05D4ay,0,0,0,0,1,0,2,1,0,1
SNLS-05D4bm,0,0,0,0,1,0,1,1,0,1
SNLS-05D4cw,0,0,0,0,1,0,1,1,0,1
SNLS-05D4dt,0,0,0,0,1,0,1,1,0,1
SNLS-05D4ff,0,0,0,0,1,0,1,1,0,1
SNLS-06D1ab,0,0,0,0,1,0,1,1,0,1
SNLS-06D2ag,0,0,0,0,1,0,1,1,0,1
SNLS-06D2bk,0,0,0,0,1,0,1,1,0,1
SNLS-06D2fb,0,0,0,0,1,0,0,1,0,1
SNLS-06D2ff,0,0,0,0,1,0,0,1,0,1
SNLS-06D2gb,0,0,0,0,1,0,0,1,0,1
SNLS-06D3cn,0,0,0,0,1,0,1,1,0,1
SNLS-06D3df,0,0,0,0,1,0,0,1,0,1
SNLS-06D3dt,0,0,0,0,1,0,0,1,0,1
SNLS-06D3ed,0,0,0,0,1,0,1,1,0,1
SNLS-06D3fp,0,0,0,0,1,0,1,1,0,1
SNLS-06D3gn,0,0,0,0,1,0,1,1,0,1
SNLS-06D4co,0,0,0,0,1,0,1,1,0,1
SNLS-06D4cq,0,0,0,0,1,0,1,1,0,1
SNLS-06D4dh,0,0,0,0,1,0,1,1,0,1
Yowie,0,0,0,0,0,1,0,1,0,1
